Submission id,Participant id,Status,Custom study tncs accepted at,Started at,Completed at,Reviewed at,Archived at,Time taken,Completion code,Total approvals,Fluent languages,Age,Sex,Ethnicity simplified,Country of birth,Country of residence,Nationality,Language,Student status,Employment status
69b7ffb94bc671a3fbd6dc86,666efed91a31f3c82021f11d,APPROVED,Not Applicable,2026-03-16T13:03:57.195000Z,2026-03-16T13:09:58.822000Z,2026-03-16T13:18:14.394000Z,2026-03-16T13:09:59.208762Z,362.0,C1H0WMUM,2685,English,34,Female,White,United States,United States,United States,English,Yes,"Not in paid work (e.g. homemaker', 'retired or disabled)"
69b8010779c1b9b1e59c3f1c,69b702926fc53d9dd8eeaa52,APPROVED,Not Applicable,2026-03-16T13:09:33.857000Z,2026-03-16T13:18:45.197000Z,2026-03-16T14:04:57.308000Z,2026-03-16T13:18:45.552310Z,552.0,NOCODE,2,English,70,Female,White,United States,United States,United States,English,No,"Not in paid work (e.g. homemaker', 'retired or disabled)"
69b8033c33de0409329e8329,656000af0e4ff12b601488e1,APPROVED,Not Applicable,2026-03-16T13:18:56.220000Z,2026-03-16T13:38:52.637000Z,2026-03-16T13:53:58.760000Z,2026-03-16T13:38:53.002320Z,1197.0,C1H0WMUM,2253,"English, Vietnamese",42,Female,Asian,United States,United States,United States,English,DATA_EXPIRED,DATA_EXPIRED
69b803891cd1dcee79e4c5b1,696970de24239f0217b3b68c,APPROVED,Not Applicable,2026-03-16T13:20:14.161000Z,2026-03-16T13:24:07.988000Z,2026-03-16T13:24:41.893000Z,2026-03-16T13:24:08.371868Z,234.0,C1H0WMUM,180,English,58,Male,White,United States,United States,United States,English,No,Full-Time
69b803bfa353410c438ed501,6644164405748c36f71dccc0,APPROVED,Not Applicable,2026-03-16T13:21:08.514000Z,2026-03-16T13:26:01.999000Z,2026-03-16T13:28:07.947000Z,2026-03-16T13:26:02.352670Z,294.0,C1H0WMUM,484,English,28,Female,Other,United States,United States,United States,English,DATA_EXPIRED,Full-Time
69b80454238785db87185b25,69b7603c614bdbf78dd9517d,APPROVED,Not Applicable,2026-03-16T13:23:37.439000Z,2026-03-16T13:28:43.061000Z,2026-03-16T13:29:09.639000Z,2026-03-16T13:28:43.413168Z,306.0,C1H0WMUM,11,English,24,Male,White,United States,United States,United States,English,No,Full-Time
69b804614b3e2c260fc33185,6978bda2039ef7c2454998b0,APPROVED,Not Applicable,2026-03-16T13:23:49.421000Z,2026-03-16T13:37:18.859000Z,2026-03-16T13:54:03.468000Z,2026-03-16T13:37:19.274199Z,810.0,C1H0WMUM,1667,English,38,Female,White,United States,United States,United States,English,Yes,"Not in paid work (e.g. homemaker', 'retired or disabled)"
69b804fe2988a9b6d645a33c,650764c3a197814ab15f8237,APPROVED,Not Applicable,2026-03-16T13:26:27.981000Z,2026-03-16T13:39:40.141000Z,2026-03-16T13:53:59.729000Z,2026-03-16T13:39:40.493907Z,793.0,C1H0WMUM,3424,English,23,Male,White,United States,United States,United States,English,No,Unemployed (and job seeking)
69b80511efcfc857ab8559e1,5bcc60b95c2b810001dc68e2,APPROVED,Not Applicable,2026-03-16T13:26:46.886000Z,2026-03-16T13:40:34.492000Z,2026-03-16T13:54:04.726000Z,2026-03-16T13:40:34.857303Z,828.0,C1H0WMUM,15482,"English, Spanish",30,Male,White,United States,United States,United States,English,No,Full-Time
69b805672cae11902c928647,665d92a608fef982937744df,APPROVED,Not Applicable,2026-03-16T13:28:12.072000Z,2026-03-16T13:37:14.391000Z,2026-03-16T13:54:00.753000Z,2026-03-16T13:37:14.843356Z,543.0,C1H0WMUM,6513,English,52,Male,White,United States,United States,United States,English,No,Full-Time
69b805badf0b07ab8e767746,5ed2bb7a67d51b24b2ac4037,APPROVED,Not Applicable,2026-03-16T13:29:38.796000Z,2026-03-16T13:38:55.300000Z,2026-03-16T13:54:05.989000Z,2026-03-16T13:38:55.655044Z,557.0,C1H0WMUM,10501,English,36,Male,White,United States,United States,United States,English,DATA_EXPIRED,DATA_EXPIRED
69b806240408c77c66c8caf4,69838c967c78c6ef18426fba,APPROVED,Not Applicable,2026-03-16T13:31:28.161000Z,2026-03-16T13:44:23.163000Z,2026-03-16T13:54:02.104000Z,2026-03-16T13:44:23.528349Z,776.0,C1H0WMUM,865,English,39,Male,White,United States,United States,United States,English,No,Full-Time
69b8064e56f2f07cf775a938,561d98e03d7fe8000b0f5e09,APPROVED,Not Applicable,2026-03-16T13:32:09.102000Z,2026-03-16T13:41:34.272000Z,2026-03-16T13:54:07.177000Z,2026-03-16T13:41:34.663006Z,566.0,C1H0WMUM,11579,English,68,Female,White,United States,United States,United States,English,No,Part-Time
69b8079378ba8ed2718b515b,63225b65b2d6e889f7289909,APPROVED,Not Applicable,2026-03-16T13:37:26.361000Z,2026-03-16T13:50:58.431000Z,2026-03-16T13:54:08.391000Z,2026-03-16T13:50:58.803818Z,813.0,C1H0WMUM,12013,English,51,Male,White,United States,United States,United States,English,No,Full-Time
69b8079624ece3e3f6619cc3,59e7477e3e4b5a00016aa4d2,APPROVED,Not Applicable,2026-03-16T13:37:31.281000Z,2026-03-16T13:54:32.817000Z,2026-03-16T13:54:43.804000Z,2026-03-16T13:54:33.193949Z,1022.0,C1H0WMUM,14722,English,61,Male,White,United States,United States,United States,English,No,Full-Time
69b808133267f81f359a4f59,698a7999e94d553c9b39fa49,APPROVED,Not Applicable,2026-03-16T13:39:51.508000Z,2026-03-16T14:01:58.657000Z,2026-03-16T14:04:58.765000Z,2026-03-16T14:01:59.002393Z,1328.0,C1H0WMUM,130,English,38,Female,Black,United States,United States,United States,English,No,Unemployed (and job seeking)
69b8081aa0fc29b4e73650bb,699ca32b457209957a5ae366,APPROVED,Not Applicable,2026-03-16T13:39:55.180000Z,2026-03-16T14:05:12.358000Z,2026-03-16T14:07:25.614000Z,2026-03-16T14:05:12.715554Z,1518.0,C1H0WMUM,228,English,62,Female,White,United States,United States,United States,English,No,"Not in paid work (e.g. homemaker', 'retired or disabled)"
69b8081f1709bfb88af64917,65e5ec7c5cc8e775d79139b5,APPROVED,Not Applicable,2026-03-16T13:39:50.342000Z,2026-03-16T13:54:08.476000Z,2026-03-16T13:54:09.584000Z,2026-03-16T13:54:08.858503Z,859.0,C1H0WMUM,4996,English,48,Female,White,United States,United States,United States,English,No,Full-Time
69b8085432aea608ab284886,5a792c898fe2dc0001058c3b,APPROVED,Not Applicable,2026-03-16T13:41:56.092000Z,2026-03-16T13:52:29.894000Z,2026-03-16T13:54:10.764000Z,2026-03-16T13:52:30.260817Z,634.0,C1H0WMUM,10202,English,38,Female,White,United States,United States,United States,English,No,Part-Time
69b808a40d55951deab075e0,6776bbc5289ff58ff9bea02b,APPROVED,Not Applicable,2026-03-16T13:42:09.299000Z,2026-03-16T13:47:56.300000Z,2026-03-16T13:54:11.856000Z,2026-03-16T13:47:56.651902Z,348.0,C1H0WMUM,2797,"English, Spanish",46,Male,White,United States,United States,United States,English,No,Full-Time
69b8097a4714d46d86839089,6038743a95e000257b4fefdd,APPROVED,Not Applicable,2026-03-16T13:45:30.624000Z,2026-03-16T13:53:44.175000Z,2026-03-16T13:54:13.131000Z,2026-03-16T13:53:44.548312Z,494.0,C1H0WMUM,5067,English,33,Male,White,United States,United States,United States,English,DATA_EXPIRED,DATA_EXPIRED
69b809cd3373fb5f0ae35a1e,627ebc31883c7dd7c2220c7e,APPROVED,Not Applicable,2026-03-16T13:47:03.801000Z,2026-03-16T14:07:48.969000Z,2026-03-16T14:08:15.696000Z,2026-03-16T14:07:49.343888Z,1246.0,C1H0WMUM,7361,English,22,Female,White,United States,United States,United States,English,No,Full-Time
69b80a0ec4963c88ee98e2c5,69b4a3d15b20186059c746f8,APPROVED,Not Applicable,2026-03-16T13:48:43.720000Z,2026-03-16T14:15:04.730000Z,2026-03-16T14:18:01.459000Z,2026-03-16T14:15:05.102521Z,1582.0,C1H0WMUM,4,English,31,Female,Black,United States,United States,United States,English,No,Other
69b80a6f9e204cb5c86b3e48,60fb26e75427cb8125f2e4a4,APPROVED,Not Applicable,2026-03-16T13:49:38.494000Z,2026-03-16T13:57:26.650000Z,2026-03-16T14:04:59.959000Z,2026-03-16T13:57:26.995206Z,469.0,C1H0WMUM,9945,English,55,Female,White,United States,United States,Malta,English,No,Full-Time
69b80acdccd21d49bedb50a5,66463e4efb99fba5a67a010a,APPROVED,Not Applicable,2026-03-16T13:51:13.913000Z,2026-03-16T14:19:09.284000Z,2026-03-16T14:25:55.396000Z,2026-03-16T14:19:09.656686Z,1676.0,C1H0WMUM,7721,English,32,Male,Black,United States,United States,United States,English,DATA_EXPIRED,Full-Time
69b80b2cd3cff6606e2171f5,62903d86dad1252ede51100f,APPROVED,Not Applicable,2026-03-16T13:52:49.821000Z,2026-03-16T13:59:36.093000Z,2026-03-16T14:05:01.127000Z,2026-03-16T13:59:36.487125Z,407.0,C1H0WMUM,2858,English,43,Female,Black,United States,United States,United States,English,Yes,Full-Time
69b80b6cc1950d911a6bb46e,675c64b95d8683943d557b71,APPROVED,Not Applicable,2026-03-16T13:53:52.303000Z,2026-03-16T14:05:25.350000Z,2026-03-16T14:07:27.172000Z,2026-03-16T14:05:37.260637Z,694.0,C1H0WMUM,1747,English,40,Female,White,United States,United States,United States,English,DATA_EXPIRED,DATA_EXPIRED
69b80bd29532d9b072075604,5addd5e8a7f2df000154665b,APPROVED,Not Applicable,2026-03-16T13:56:08.729000Z,2026-03-16T14:12:29.294000Z,2026-03-16T14:18:03.594000Z,2026-03-16T14:12:29.662851Z,981.0,C1H0WMUM,4356,English,38,Female,Black,United States,United States,United States,English,No,Full-Time
69b80bf67f4e96025d5cddb0,69921bde43e69fd5d60ea256,APPROVED,Not Applicable,2026-03-16T13:56:11.649000Z,2026-03-16T14:02:28.467000Z,2026-03-16T14:05:02.322000Z,2026-03-16T14:02:28.835616Z,377.0,C1H0WMUM,1127,English,34,Male,White,United States,United States,United States,English,No,Unemployed (and job seeking)
69b80c8b2bef92a764db1630,662bf98a6f25e5ccdce46ebc,APPROVED,Not Applicable,2026-03-16T14:02:51.972000Z,2026-03-16T14:17:10.054000Z,2026-03-16T14:18:02.556000Z,2026-03-16T14:17:10.418589Z,859.0,C1H0WMUM,6308,English,73,Female,White,United States,United States,United States,English,No,"Not in paid work (e.g. homemaker', 'retired or disabled)"
69b80cc87ce4e0923bdd8951,5dcccec0092079953154f997,APPROVED,Not Applicable,2026-03-16T14:00:13.091000Z,2026-03-16T14:23:51.116000Z,2026-03-16T14:25:57.651000Z,2026-03-16T14:23:51.471293Z,1419.0,C1H0WMUM,6576,English,42,Male,White,United States,United States,United States,English,DATA_EXPIRED,DATA_EXPIRED
69b80dd26c793efeb253d3e0,66660a053b08e2a34f9b945c,APPROVED,Not Applicable,2026-03-16T14:06:03.010000Z,2026-03-16T14:16:41.500000Z,2026-03-16T14:18:05.752000Z,2026-03-16T14:16:41.927232Z,639.0,C1H0WMUM,4901,English,37,Female,Mixed,United States,United States,United States,English,DATA_EXPIRED,DATA_EXPIRED
69b80dd7a5823355ef6a47c0,55d4d11258c35800113dc2ab,APPROVED,Not Applicable,2026-03-16T14:07:29.252000Z,2026-03-16T14:20:12.785000Z,2026-03-16T14:26:00.304000Z,2026-03-16T14:20:13.898462Z,764.0,C1H0WMUM,6106,English,50,Female,Black,United States,United States,United States,English,No,Full-Time
69b80e1cfed8d8197337cebd,5f51287698edeb30a0cf878d,APPROVED,Not Applicable,2026-03-16T14:05:21.276000Z,2026-03-16T14:18:55.048000Z,2026-03-16T14:25:56.688000Z,2026-03-16T14:18:55.405408Z,814.0,C1H0WMUM,4081,"English, Chinese",41,Male,Asian,China,United States,United States,English,No,Unemployed (and job seeking)
69b80e53ce83a02bb183e3b0,57c725d89a5f4f0001f661bd,APPROVED,Not Applicable,2026-03-16T14:06:15.895000Z,2026-03-16T14:17:35.871000Z,2026-03-16T14:18:04.567000Z,2026-03-16T14:17:49.081067Z,680.0,C1H0WMUM,9748,English,52,Male,White,United States,United States,United States,English,No,Full-Time
69b80ffb2ef1d1042d0ba83e,63978402e524eebeace93868,APPROVED,Not Applicable,2026-03-16T14:14:23.242000Z,2026-03-16T14:25:01.760000Z,2026-03-16T15:10:24.764000Z,2026-03-16T14:25:02.132920Z,639.0,NOCODE,4836,English,61,Female,White,United States,United States,United States,English,No,Part-Time
69b810ed7567ae515a8e7dea,69a37204af30599dd02f40f7,APPROVED,Not Applicable,2026-03-16T14:17:20.708000Z,2026-03-16T14:23:38.194000Z,2026-03-16T14:26:02.301000Z,2026-03-16T14:23:38.773703Z,378.0,C1H0WMUM,433,English,22,Male,White,United States,United States,United States,English,No,Part-Time
69b810efbc08809fdb8b515d,5ddd1dd2b48da3c63a3ccdbb,APPROVED,Not Applicable,2026-03-16T14:17:19.610000Z,2026-03-16T14:31:19.089000Z,2026-03-16T14:32:07.526000Z,2026-03-16T14:31:19.459604Z,840.0,C1H0WMUM,6581,English,38,Male,White,United States,United States,United States,English,DATA_EXPIRED,DATA_EXPIRED
69b810f149a11b184b5d499e,69af2370809c5ae9bbbb2ed3,APPROVED,Not Applicable,2026-03-16T14:17:36.353000Z,2026-03-16T14:37:43.060000Z,2026-03-16T14:42:58.747000Z,2026-03-16T14:37:43.439428Z,1207.0,C1H0WMUM,66,English,20,Male,White,United States,United States,United States,English,No,"Not in paid work (e.g. homemaker', 'retired or disabled)"
69b8113667e893922fd59288,5a8d8079190420000156435d,APPROVED,Not Applicable,2026-03-16T14:18:30.031000Z,2026-03-16T14:50:38.907000Z,2026-03-16T15:20:05.164000Z,2026-03-16T14:50:39.300837Z,1929.0,C1H0WMUM,12352,"English, Spanish, Greek",42,Male,White,United States,United States,United States,English,DATA_EXPIRED,DATA_EXPIRED
69b81167c5c26e4b574d73c6,69a0baaab90440f33ae055b1,APPROVED,Not Applicable,2026-03-16T14:19:26.742000Z,2026-03-16T14:42:36.978000Z,2026-03-16T14:43:01.481000Z,2026-03-16T14:42:37.347579Z,1391.0,C1H0WMUM,42,English,33,Male,White,United States,United States,United States,English,No,Part-Time
69b811aadb96305774d1588c,56a68bb49ce1c0000df89344,APPROVED,Not Applicable,2026-03-16T14:20:32.718000Z,2026-03-16T14:28:18.866000Z,2026-03-16T14:28:35.235000Z,2026-03-16T14:28:19.265959Z,467.0,C1H0WMUM,4421,English,37,Male,Asian,United States,United States,United States,English,No,Full-Time
69b811ea04650f322d73c78e,66c2c77d5b9a0a6d850046bb,APPROVED,Not Applicable,2026-03-16T14:23:19.533000Z,2026-03-16T14:35:44.689000Z,2026-03-16T14:42:59.989000Z,2026-03-16T14:35:45.113575Z,746.0,C1H0WMUM,3258,English,46,Male,White,United States,United States,United States,English,No,Full-Time
69b8126a6b876c6ec71c0be7,655c5ad8f1a19dc5535007a4,APPROVED,Not Applicable,2026-03-16T14:32:35.017000Z,2026-03-16T14:46:22.089000Z,2026-03-16T15:20:08.375000Z,2026-03-16T14:46:22.455020Z,828.0,C1H0WMUM,3204,English,36,Male,White,Portugal,United States,United States,English,No,Full-Time
69b812c890c06d59232dbda0,5f6056e9a41e0d14d4c19f4c,APPROVED,Not Applicable,2026-03-16T14:25:12.691000Z,2026-03-16T14:43:23.067000Z,2026-03-16T14:43:32.079000Z,2026-03-16T14:43:23.453716Z,1091.0,C1H0WMUM,5961,English,40,Male,White,United States,United States,United States,English,DATA_EXPIRED,DATA_EXPIRED
69b812ce335e2b05bdeb613c,5e1bfb604231d840ef7103d8,APPROVED,Not Applicable,2026-03-16T14:25:18.929000Z,2026-03-16T14:46:23.866000Z,2026-03-16T15:20:07.186000Z,2026-03-16T14:46:24.246438Z,1265.0,C1H0WMUM,6556,English,38,Male,White,United States,United States,United States,English,DATA_EXPIRED,DATA_EXPIRED
69b81553b3800c0694a96fbe,67b746fca75ce7e982a23c67,APPROVED,Not Applicable,2026-03-16T14:36:30.810000Z,2026-03-16T14:44:30.156000Z,2026-03-16T15:20:10.095000Z,2026-03-16T14:44:30.538877Z,480.0,C1H0WMUM,2255,"English, French",57,Female,White,United States,United States,United States,English,DATA_EXPIRED,DATA_EXPIRED
69b815ab4e85d514ae176dad,5d5a2bd93296320016eee507,APPROVED,Not Applicable,2026-03-16T14:37:31.931000Z,2026-03-16T15:00:59.391000Z,2026-03-16T15:20:11.709000Z,2026-03-16T15:00:59.783733Z,1408.0,C1H0WMUM,7715,English,40,Male,White,United States,United States,United States,English,DATA_EXPIRED,DATA_EXPIRED
69b815ba58e3bbc5b8d66f39,5d2fbee1fb16450018a7a023,APPROVED,Not Applicable,2026-03-16T14:37:46.770000Z,2026-03-16T15:02:59.924000Z,2026-03-16T15:20:12.675000Z,2026-03-16T15:03:00.273029Z,1514.0,C1H0WMUM,9654,English,42,Male,White,United States,United States,United States,English,DATA_EXPIRED,DATA_EXPIRED
69b8168e60d58a71330d317b,65b8b2bf8b3905b0efcb0fd3,APPROVED,Not Applicable,2026-03-16T14:41:18.251000Z,2026-03-16T15:05:50.324000Z,2026-03-16T15:20:14.231000Z,2026-03-16T15:05:50.703540Z,1473.0,C1H0WMUM,1720,English,49,Male,White,Slovenia,United States,United States,English,Yes,Full-Time
69b81739530e22fcd0bdb51d,69b5aa2dbbba6b49888bf23d,APPROVED,Not Applicable,2026-03-16T14:44:09.398000Z,2026-03-16T15:11:10.495000Z,2026-03-16T15:20:20.161000Z,2026-03-16T15:11:10.829759Z,1622.0,C1H0WMUM,6,English,45,Female,White,United States,United States,United States,English,No,Part-Time
69b81790519464b9d719b5c6,699db4df1f547b900bf0f6f5,APPROVED,Not Applicable,2026-03-16T14:45:39.632000Z,2026-03-16T14:51:11.653000Z,2026-03-16T15:20:15.498000Z,2026-03-16T14:51:12.052983Z,333.0,C1H0WMUM,399,English,29,Female,White,United States,United States,United States,English,No,Part-Time
69b8180dc12f29a333afd799,65c0ed76e2e195876cfd9b74,APPROVED,Not Applicable,2026-03-16T14:47:46.375000Z,2026-03-16T14:56:43.597000Z,2026-03-16T15:20:17.635000Z,2026-03-16T14:56:43.963850Z,538.0,C1H0WMUM,9542,English,56,Male,White,United States,United States,United States,English,No,Full-Time
69b818174e9ec492d5d97d13,5faefcc22be93b11829e84df,APPROVED,Not Applicable,2026-03-16T14:47:51.882000Z,2026-03-16T15:04:27.610000Z,2026-03-16T15:20:19.522000Z,2026-03-16T15:04:27.977196Z,996.0,C1H0WMUM,12389,"Chinese, English",36,Male,Asian,China,United States,United States,Chinese,No,Full-Time
69b81825908135ad8728bfd4,5dbb9407e0a6e81863526af7,APPROVED,Not Applicable,2026-03-16T14:48:05.376000Z,2026-03-16T15:01:51.622000Z,2026-03-16T15:20:22.033000Z,2026-03-16T15:01:51.981875Z,827.0,C1H0WMUM,6899,English,39,Male,White,United States,United States,United States,English,DATA_EXPIRED,DATA_EXPIRED
69b818c8befe87c9e73b4b82,697cf046d513e3e2befc27c7,APPROVED,Not Applicable,2026-03-16T14:50:52.073000Z,2026-03-16T14:58:01.601000Z,2026-03-16T15:20:24.896000Z,2026-03-16T14:58:02.461322Z,430.0,C1H0WMUM,546,English,19,Female,Black,United States,United States,United States,English,No,Unemployed (and job seeking)
69b819b5a763545ced399528,698cb61e3f6d5debf1192ffd,APPROVED,Not Applicable,2026-03-16T14:54:50.296000Z,2026-03-16T15:10:08.340000Z,2026-03-16T15:20:23.622000Z,2026-03-16T15:10:08.765660Z,919.0,C1H0WMUM,273,"English, Swedish",23,Male,White,United States,United States,United States,English,No,Unemployed (and job seeking)
69b81a2ba1f0f45cbbe38007,67803b1dd21b0478468e5f9d,APPROVED,Not Applicable,2026-03-16T14:56:53.701000Z,2026-03-16T15:14:25.662000Z,2026-03-16T15:20:25.775000Z,2026-03-16T15:14:26.022824Z,1052.0,C1H0WMUM,1205,English,27,Female,Black,United States,United States,United States,English,DATA_EXPIRED,Part-Time
69b81ad3402fc6cb2dc46744,69acb93a3de33f122344bb3f,APPROVED,Not Applicable,2026-03-16T14:59:37.473000Z,2026-03-16T15:07:49.586000Z,2026-03-16T15:20:27.255000Z,2026-03-16T15:07:49.936174Z,493.0,C1H0WMUM,57,English,40,Female,White,United States,United States,United States,English,No,Part-Time
69b81b4b0c49c83b816bff8b,5bdcb92b91fcc00001668d6c,APPROVED,Not Applicable,2026-03-16T15:01:35.810000Z,2026-03-16T15:08:01.794000Z,2026-03-16T15:20:28.323000Z,2026-03-16T15:08:02.138810Z,386.0,C1H0WMUM,1291,English,31,Female,White,United States,United States,United States,English,No,Due to start a new job within the next month
69b81b9ab441b1be1786d5d0,69b251b3ce3acf86c4abb823,APPROVED,Not Applicable,2026-03-16T15:02:54.616000Z,2026-03-16T15:24:29.817000Z,2026-03-16T15:37:07.465000Z,2026-03-16T15:24:30.176096Z,1296.0,C1H0WMUM,65,English,35,Male,Black,United States,United States,United States,English,Yes,Full-Time
69b81bab7d06a7e4826ebbf3,65304957819744cb14dd6428,APPROVED,Not Applicable,2026-03-16T15:03:10.958000Z,2026-03-16T15:09:27.765000Z,2026-03-16T15:20:29.504000Z,2026-03-16T15:09:28.125705Z,377.0,C1H0WMUM,2214,"English, Spanish",53,Female,Black,United States,United States,United States,English,No,Part-Time
69b81c23f3a3bddbedb04b58,699dd5c23229ec878aad1b0d,APPROVED,Not Applicable,2026-03-16T15:05:11.377000Z,2026-03-16T15:10:53.888000Z,2026-03-16T15:20:31.140000Z,2026-03-16T15:10:54.247313Z,343.0,C1H0WMUM,649,English,25,Male,White,United States,United States,United States,English,No,Full-Time
69b81cbacc129bad76d2001e,6100d9ea8460c062fb4d49a7,APPROVED,Not Applicable,2026-03-16T15:07:43.849000Z,2026-03-16T15:28:54.180000Z,2026-03-16T15:37:09.437000Z,2026-03-16T15:28:54.522728Z,1271.0,C1H0WMUM,235,English,27,Female,White,United States,United States,United States,English,DATA_EXPIRED,DATA_EXPIRED
69b81d2a7ee06557075e205d,66f47421b650b6c39e80fa0d,APPROVED,Not Applicable,2026-03-16T15:09:34.427000Z,2026-03-16T15:24:52.445000Z,2026-03-16T15:37:10.897000Z,2026-03-16T15:24:52.839629Z,919.0,C1H0WMUM,8666,English,37,Female,White,United States,United States,United States,English,No,Full-Time
69b81d3f0fa35e2f077577fa,5d537c0cecc84200153075e9,APPROVED,Not Applicable,2026-03-16T15:11:31.659000Z,2026-03-16T15:22:46.341000Z,2026-03-16T15:37:12.139000Z,2026-03-16T15:22:46.688176Z,675.0,C1H0WMUM,16036,"Spanish, English",46,Female,Mixed,United States,United States,United States,English,DATA_EXPIRED,Full-Time
69b81d96e9d023d875ba603d,698f5ccad85b8eec270337ed,APPROVED,Not Applicable,2026-03-16T15:11:21.438000Z,2026-03-16T15:19:15.489000Z,2026-03-16T15:20:32.334000Z,2026-03-16T15:19:25.694001Z,475.0,C1H0WMUM,820,English,42,Female,White,United States,United States,United States,English,No,Full-Time
69b81da3027e980124f1ef02,69adbd35d535ed1bd0cdce42,APPROVED,Not Applicable,2026-03-16T15:19:56.793000Z,2026-03-16T15:32:26.291000Z,2026-03-16T15:37:17.577000Z,2026-03-16T15:32:26.661064Z,750.0,C1H0WMUM,101,English,24,Male,Other,United States,United States,United States,Spanish,No,Unemployed (and job seeking)
69b81ea4262b28cdcbcc34a1,5fc880e2e2e6de210e008e1b,APPROVED,Not Applicable,2026-03-16T15:15:54.633000Z,2026-03-16T15:32:19.374000Z,2026-03-16T15:37:13.432000Z,2026-03-16T15:32:19.756808Z,985.0,C1H0WMUM,982,"English, Spanish",24,Female,Black,United States,United States,United States,English,No,Other
69b81ee5fcffe76565f11406,60fda57e0916dfe2157c9b00,APPROVED,Not Applicable,2026-03-16T15:17:44.554000Z,2026-03-16T15:35:00.723000Z,2026-03-16T15:37:14.890000Z,2026-03-16T15:35:01.125100Z,1037.0,C1H0WMUM,12207,"English, Spanish, Russian",26,Female,White,United States,United States,United States,English,Yes,Full-Time
69b81f225730f395937b8a89,6987671d62d96960c1756642,APPROVED,Not Applicable,2026-03-16T15:18:01.461000Z,2026-03-16T15:30:27.711000Z,2026-03-16T15:37:16.261000Z,2026-03-16T15:30:28.074786Z,747.0,C1H0WMUM,433,English,53,Male,White,United States,United States,United States,English,No,Part-Time
69b81f9f6a34ca9b4a11b82e,69b6ff4d443a466a85be41c5,APPROVED,Not Applicable,2026-03-16T15:20:05.032000Z,2026-03-16T15:27:58.646000Z,2026-03-16T15:37:18.852000Z,2026-03-16T15:27:58.981772Z,474.0,C1H0WMUM,9,English,24,Female,White,United States,United States,United States,English,No,Full-Time
69b8209568f3d6314831075e,63767a851344bd887e00249e,APPROVED,Not Applicable,2026-03-16T15:24:21.691000Z,2026-03-16T15:40:14.793000Z,2026-03-16T15:42:53.738000Z,2026-03-16T15:40:15.193129Z,954.0,C1H0WMUM,4977,English,57,Female,White,United States,United States,United States,English,No,Unemployed (and job seeking)
69b820b4514a9950e45644b5,5c01d3c509e9c70001500b10,APPROVED,Not Applicable,2026-03-16T15:24:40.137000Z,2026-03-16T15:35:56.756000Z,2026-03-16T15:37:21.913000Z,2026-03-16T15:35:57.132106Z,677.0,C1H0WMUM,6622,"English, Chinese",36,Female,Asian,United States,United States,United States,English,DATA_EXPIRED,Full-Time
69b820c845c3b25f181b5b98,66467e6f4c38889f9d043c4b,APPROVED,Not Applicable,2026-03-16T15:24:59.447000Z,2026-03-16T15:39:40.705000Z,2026-03-16T15:43:17.469000Z,2026-03-16T15:39:41.064273Z,882.0,NOCODE,2503,English,30,Female,Asian,United States,United States,India,English,No,Full-Time
69b820c9978ebc3d11c21839,6785891aee9028790a1bd6fc,APPROVED,Not Applicable,2026-03-16T15:25:26.727000Z,2026-03-16T15:34:00.723000Z,2026-03-16T15:37:23.962000Z,2026-03-16T15:34:01.092889Z,514.0,C1H0WMUM,3874,English,20,Female,White,United States,United States,United States,English,Yes,Part-Time
69b821da6d27e265924c5377,66661b1242b581f199e49f4c,APPROVED,Not Applicable,2026-03-16T15:29:30.458000Z,2026-03-16T15:44:08.031000Z,2026-03-16T16:01:48.093000Z,2026-03-16T15:44:08.442179Z,878.0,C1H0WMUM,6002,English,40,Male,Mixed,American Samoa,United States,American Samoa,English,No,Full-Time
69b8236fd3088646b99b4bd5,670debf636edeecf039af7f6,APPROVED,Not Applicable,2026-03-16T15:36:22.792000Z,2026-03-16T16:16:55.637000Z,2026-03-16T16:28:29.537000Z,2026-03-16T16:16:56.041231Z,2433.0,C1H0WMUM,1316,"English, Afrikaans",25,Male,Black,Ghana,United States,United States,English,DATA_EXPIRED,DATA_EXPIRED
69b8237546ba727f0c4b5c96,6630da710ce3cc42bc2e3a4b,APPROVED,Not Applicable,2026-03-16T15:39:08.276000Z,2026-03-16T16:00:40.234000Z,2026-03-16T16:01:50.730000Z,2026-03-16T16:00:40.609932Z,1292.0,C1H0WMUM,430,"Spanish, English",40,Female,Other,United States,United States,United States,English,No,"Not in paid work (e.g. homemaker', 'retired or disabled)"
69b823aa3821d848b493f473,66e87276ccc570e1c0d7df24,APPROVED,Not Applicable,2026-03-16T15:37:22.802000Z,2026-03-16T15:51:41.609000Z,2026-03-16T16:01:49.522000Z,2026-03-16T15:51:42.064919Z,859.0,C1H0WMUM,2835,English,56,Female,White,United States,United States,United States,English,DATA_EXPIRED,Part-Time
69b824219b37a1cef0424278,5f565c9592080106c6b4d467,APPROVED,Not Applicable,2026-03-16T15:39:18.313000Z,2026-03-16T15:45:04.940000Z,2026-03-16T16:01:52.051000Z,2026-03-16T15:45:05.324386Z,347.0,C1H0WMUM,3879,English,36,Female,Black,United States,United States,United States,English,DATA_EXPIRED,Part-Time
69b824700a17e57952094fd6,696171405853fc35f15a4872,APPROVED,Not Applicable,2026-03-16T15:40:37.044000Z,2026-03-16T15:55:39.160000Z,2026-03-16T16:02:02.293000Z,2026-03-16T15:55:50.818913Z,903.0,C1H0WMUM,754,English,43,Female,White,United States,United States,United States,English,No,Other
69b825475ba14d92e5e6e897,69a64750bdfb53deeea805dd,APPROVED,Not Applicable,2026-03-16T15:45:55.453000Z,2026-03-16T16:04:59.872000Z,2026-03-16T16:05:52.733000Z,2026-03-16T16:05:00.285079Z,1145.0,C1H0WMUM,310,English,32,Male,White,United States,United States,United States,English,No,Part-Time
69b825ed58ae8c998390af66,651eea44194fa8c200606af7,APPROVED,Not Applicable,2026-03-16T15:46:57.701000Z,2026-03-16T16:09:17.178000Z,2026-03-16T16:09:24.844000Z,2026-03-16T16:09:17.559738Z,1340.0,C1H0WMUM,6017,English,77,Male,White,United States,United States,United States,English,DATA_EXPIRED,DATA_EXPIRED
69b8263dc0100832f6efb715,629e112d75f3665c8362ab6f,APPROVED,Not Applicable,2026-03-16T15:48:37.469000Z,2026-03-16T16:01:03.449000Z,2026-03-16T16:02:03.649000Z,2026-03-16T16:01:03.829751Z,746.0,C1H0WMUM,4200,English,30,Male,White,United States,United States,United States,English,DATA_EXPIRED,DATA_EXPIRED
69b826b3e02f1b817d85579d,66313a4d57660634e1b60cbb,APPROVED,Not Applicable,2026-03-16T15:50:15.994000Z,2026-03-16T15:57:20.552000Z,2026-03-16T16:02:05.113000Z,2026-03-16T15:57:20.937372Z,425.0,C1H0WMUM,965,English,36,Female,White,United States,United States,United States,English,No,Full-Time
69b82744c6a96e298d0d3e87,55aeaeb3fdf99b5c769f1f7c,APPROVED,Not Applicable,2026-03-16T15:57:50.824000Z,2026-03-16T16:16:34.933000Z,2026-03-16T16:28:29.798000Z,2026-03-16T16:16:35.315266Z,1125.0,C1H0WMUM,14364,English,63,Male,White,United States,United States,United States,English,DATA_EXPIRED,Full-Time
69b82745d636cd4e792bbdcb,66be167970ec663346a03c6a,APPROVED,Not Applicable,2026-03-16T15:52:41.050000Z,2026-03-16T15:59:56.084000Z,2026-03-16T16:02:08.398000Z,2026-03-16T15:59:56.440418Z,436.0,C1H0WMUM,1552,English,35,Female,White,United States,United States,United States,English,No,Full-Time
69b827b177d6e6f9e9ab4fb5,675cc171cb8d76494d449054,APPROVED,Not Applicable,2026-03-16T15:55:32.093000Z,2026-03-16T16:03:34.803000Z,2026-03-16T16:05:54.711000Z,2026-03-16T16:03:35.176511Z,483.0,C1H0WMUM,2615,English,40,Female,Black,United States,United States,United States,English,DATA_EXPIRED,DATA_EXPIRED
69b8281760b3ae83f006dfbf,604db6324496c57afe822770,APPROVED,Not Applicable,2026-03-16T15:57:16.419000Z,2026-03-16T16:17:25.894000Z,2026-03-16T16:28:30.037000Z,2026-03-16T16:17:26.926228Z,1210.0,C1H0WMUM,3840,"English, Chinese",47,Female,Asian,Macao,United States,United States,Chinese,No,Full-Time
69b82907e7f8a7776eea084e,66d1fdd400acfdbc181f41e0,APPROVED,Not Applicable,2026-03-16T16:00:12.636000Z,2026-03-16T16:19:16.854000Z,2026-03-16T16:28:30.264000Z,2026-03-16T16:19:17.224764Z,1145.0,C1H0WMUM,6537,English,51,Male,White,Canada,United States,Canada,English,No,Full-Time
69b8298a7175b74da9440320,62a96f8f6ab7e0c3ce90095f,APPROVED,Not Applicable,2026-03-16T16:02:23.717000Z,2026-03-16T16:11:24.229000Z,2026-03-16T16:28:30.494000Z,2026-03-16T16:11:24.644070Z,541.0,C1H0WMUM,2616,English,25,Male,White,United States,United States,United States,English,No,Full-Time
69b829fe9780252796abbd36,5a3bdd2c8d005a0001829f3e,APPROVED,Not Applicable,2026-03-16T16:04:17.665000Z,2026-03-16T16:21:07.790000Z,2026-03-16T16:28:30.719000Z,2026-03-16T16:21:08.383030Z,1011.0,C1H0WMUM,17868,"English, Spanish",35,Male,Other,United States,United States,United States,English,DATA_EXPIRED,DATA_EXPIRED
69b829fe9de305ea60eb45bf,65e7ca51f9482482909fd1ff,APPROVED,Not Applicable,2026-03-16T16:04:18.274000Z,2026-03-16T16:11:13.128000Z,2026-03-16T16:28:30.965000Z,2026-03-16T16:11:13.528519Z,415.0,C1H0WMUM,2133,English,30,Male,White,United States,United States,United States,English,No,Full-Time
69b82bd3d8b42684c8eee7ad,6365b5599c1775edb6d46be4,APPROVED,Not Applicable,2026-03-16T16:12:08.845000Z,2026-03-16T16:21:18.258000Z,2026-03-16T16:28:31.200000Z,2026-03-16T16:21:18.620389Z,550.0,C1H0WMUM,7233,"Chinese, English, Spanish",27,Female,White,United States,United States,United States,English,Yes,Part-Time
69b82c43ccae6e8581384a03,5e120e2813064488573bb2a8,APPROVED,Not Applicable,2026-03-16T16:14:01.324000Z,2026-03-16T16:24:34.285000Z,2026-03-16T16:28:31.411000Z,2026-03-16T16:24:34.640846Z,633.0,C1H0WMUM,1781,English,37,Female,White,United States,United States,United States,English,DATA_EXPIRED,Full-Time
69b82d6d31e65b6bf9ff590e,67101014b833fd5fb2bfb9bd,APPROVED,Not Applicable,2026-03-16T16:19:13.743000Z,2026-03-16T16:27:58.592000Z,2026-03-16T16:28:31.623000Z,2026-03-16T16:27:58.929418Z,525.0,C1H0WMUM,3028,English,45,Male,White,United States,United States,United States,English,No,Full-Time
69b82da9e5f4acafab048169,69a396424c59826d1a132598,APPROVED,Not Applicable,2026-03-16T16:20:19.841000Z,2026-03-16T17:14:06.587000Z,2026-03-16T17:20:35.132000Z,2026-03-16T17:14:06.969272Z,3227.0,C1H0WMUM,58,"English, French, Swahili",20,Female,Black,Congo the Democratic Republic of the,United States,United States,English,Yes,Full-Time
69b82dd816a086941ab75b7a,55bb9ae7fdf99b26d27fda01,APPROVED,Not Applicable,2026-03-16T16:21:08.528000Z,2026-03-16T16:28:04.938000Z,2026-03-16T16:28:31.858000Z,2026-03-16T16:28:05.287941Z,417.0,C1H0WMUM,8380,English,39,Female,White,United States,United States,United States,English,No,Part-Time
69b82e3e552594257ac8d267,5ced23c585712e00190bd98a,APPROVED,Not Applicable,2026-03-16T16:22:26.616000Z,2026-03-16T16:42:17.877000Z,2026-03-16T16:56:41.591000Z,2026-03-16T16:42:18.225380Z,1192.0,C1H0WMUM,11584,English,45,Male,White,United States,United States,United States,English,No,Full-Time
69b82e69df126f4f623bfff6,67447a01deb7398581f3b3be,APPROVED,Not Applicable,2026-03-16T16:30:54.640000Z,2026-03-16T17:05:02.073000Z,2026-03-16T17:09:21.414000Z,2026-03-16T17:05:02.478040Z,2048.0,C1H0WMUM,3455,English,23,Male,Black,United States,United States,United States,English,DATA_EXPIRED,DATA_EXPIRED
69b82ecd868afce9b19c2cfa,568e7e33e3ef9e000da202a7,APPROVED,Not Applicable,2026-03-16T16:24:47.945000Z,2026-03-16T16:36:20.546000Z,2026-03-16T16:37:52.522000Z,2026-03-16T16:36:20.919465Z,693.0,C1H0WMUM,5120,English,60,Female,White,United States,United States,United States,English,No,"Not in paid work (e.g. homemaker', 'retired or disabled)"
69b82f17bee4fa74d9b9c88c,69b0b6656577eab1cbffe728,APPROVED,Not Applicable,2026-03-16T16:26:06.399000Z,2026-03-16T16:38:29.475000Z,2026-03-16T16:56:41.820000Z,2026-03-16T16:38:29.870782Z,744.0,C1H0WMUM,2,English,25,Female,White,United States,United States,DATA_EXPIRED,English,No,Full-Time
69b82fb7ff4a1d6e3d6fe066,67854ba4bab6fc4b80eba268,APPROVED,Not Applicable,2026-03-16T16:28:39.216000Z,2026-03-16T16:39:30.059000Z,2026-03-16T16:56:42.059000Z,2026-03-16T16:39:30.422035Z,651.0,C1H0WMUM,2181,English,48,Female,White,United States,United States,United States,English,No,Full-Time
69b82fe03ebaac9b94f16a7e,673e4bb5a72b31d5273da10e,APPROVED,Not Applicable,2026-03-16T16:29:25.374000Z,2026-03-16T16:36:01.284000Z,2026-03-16T16:37:52.767000Z,2026-03-16T16:36:01.671889Z,396.0,C1H0WMUM,4812,"English, Japanese, Korean",34,Male,Asian,United States,United States,United States,English,No,Full-Time
69b82fe43f99a57fde64f065,66428090de7c2db3caed1c77,APPROVED,Not Applicable,2026-03-16T16:29:28.204000Z,2026-03-16T16:39:44.676000Z,2026-03-16T16:56:42.329000Z,2026-03-16T16:39:45.068978Z,617.0,C1H0WMUM,3539,English,54,Female,White,United States,United States,United States,English,No,Full-Time
69b831a76637fb2714ec514d,66a450cbae4aeed1d6531952,APPROVED,Not Applicable,2026-03-16T16:37:05.270000Z,2026-03-16T16:48:38.135000Z,2026-03-16T16:56:42.554000Z,2026-03-16T16:48:38.563343Z,693.0,C1H0WMUM,4206,English,55,Female,White,United States,United States,United States,English,No,Full-Time
69b832105182bbbce9114e78,670c06bb7926d2525a7a7755,APPROVED,Not Applicable,2026-03-16T16:38:44.745000Z,2026-03-16T16:45:05.970000Z,2026-03-16T16:56:42.773000Z,2026-03-16T16:45:06.333802Z,382.0,C1H0WMUM,6365,English,34,Male,Black,United States,United States,United States,English,No,Full-Time
69b8328b6a4360217030b091,663e3c11c2202f54de9b3b78,APPROVED,Not Applicable,2026-03-16T16:40:46.822000Z,2026-03-16T16:47:34.059000Z,2026-03-16T16:56:43.012000Z,2026-03-16T16:47:34.453713Z,408.0,C1H0WMUM,2177,"English, Japanese",33,Male,White,United States,United States,United States,English,DATA_EXPIRED,Full-Time
69b8328c10eea1eea2d5ddb0,589fc07f1521230001ebf494,APPROVED,Not Applicable,2026-03-16T16:41:05.442000Z,2026-03-16T16:52:41.299000Z,2026-03-16T16:56:43.236000Z,2026-03-16T16:52:41.744091Z,696.0,C1H0WMUM,5523,English,46,Female,White,United States,United States,United States,English,No,Full-Time
69b832ad7f79f08ec455cfd0,5e69076e64d2fb1bc091241a,APPROVED,Not Applicable,2026-03-16T16:41:30.294000Z,2026-03-16T17:14:35.316000Z,2026-03-16T17:20:35.428000Z,2026-03-16T17:14:35.712799Z,1986.0,C1H0WMUM,7339,English,50,Female,White,United States,United States,United States,English,No,"Not in paid work (e.g. homemaker', 'retired or disabled)"
69b8337f017a4a5fc247179d,5e9a2f95fe11450cc4a6b2be,APPROVED,Not Applicable,2026-03-16T16:44:50.444000Z,2026-03-16T16:55:39.010000Z,2026-03-16T16:56:43.544000Z,2026-03-16T16:55:39.521775Z,649.0,C1H0WMUM,11757,English,37,Female,White,United States,United States,United States,English,No,Full-Time
69b833c9dcab530c96869053,66608c06ded6c4adca8a1638,APPROVED,Not Applicable,2026-03-16T16:46:04.326000Z,2026-03-16T16:55:34.738000Z,2026-03-16T16:56:43.900000Z,2026-03-16T16:55:35.157259Z,571.0,C1H0WMUM,394,"English, Spanish",26,Female,Black,United States,United States,United States,English,Yes,Unemployed (and job seeking)
69b8346be6bea45fd09c1162,695c2b269e01912fb5a7675b,APPROVED,Not Applicable,2026-03-16T16:48:47.703000Z,2026-03-16T16:59:01.250000Z,2026-03-16T17:04:29.559000Z,2026-03-16T16:59:01.638592Z,614.0,C1H0WMUM,468,English,39,Female,White,United States,United States,United States,English,No,Full-Time
69b83473f9733aaf8eb85ee8,6238b95932e705108020765a,APPROVED,Not Applicable,2026-03-16T16:49:12.698000Z,2026-03-16T17:08:12.674000Z,2026-03-16T17:09:21.683000Z,2026-03-16T17:08:13.070566Z,1140.0,C1H0WMUM,16717,English,32,Male,White,United States,United States,United States,English,No,Full-Time
69b83492e6cc8617720608b0,697a5d5b10537642caf820dc,APPROVED,Not Applicable,2026-03-16T16:49:26.771000Z,2026-03-16T17:15:49.637000Z,2026-03-16T17:20:35.687000Z,2026-03-16T17:15:50.052824Z,1583.0,C1H0WMUM,533,English,45,Female,Black,United States,United States,United States,English,No,Full-Time
69b83582ec0268e55531f2b8,6516f0bef54d51c22d91d614,APPROVED,Not Applicable,2026-03-16T16:53:27.204000Z,2026-03-16T17:01:36.949000Z,2026-03-16T17:04:29.830000Z,2026-03-16T17:01:37.366803Z,490.0,C1H0WMUM,323,English,52,Male,White,United States,United States,United States,English,No,Full-Time
69b836101da890b020098c52,697d0c9251950b88c2341781,APPROVED,Not Applicable,2026-03-16T16:55:47.074000Z,2026-03-16T17:04:35.233000Z,2026-03-16T17:09:21.916000Z,2026-03-16T17:04:35.611134Z,529.0,C1H0WMUM,69,English,34,Male,White,United States,United States,United States,English,No,Full-Time
69b83612ee4225f5933698c5,698b6713bda5e27812725185,APPROVED,Not Applicable,2026-03-16T16:55:49.971000Z,2026-03-16T17:24:50.995000Z,2026-03-16T17:32:47.507000Z,2026-03-16T17:24:51.349184Z,1742.0,C1H0WMUM,124,English,49,Female,White,United States,United States,United States,Spanish,No,Part-Time
69b8375cecebaa980ff920f0,691f7251736800a19a923c4d,APPROVED,Not Applicable,2026-03-16T17:01:30.046000Z,2026-03-16T17:09:33.726000Z,2026-03-16T17:20:35.975000Z,2026-03-16T17:09:34.301010Z,484.0,C1H0WMUM,1346,"English, Spanish",38,Male,White,United States,United States,United States,English,No,Other
69b837ec48170373de192be7,64707fd9bca46372e3a80468,APPROVED,Not Applicable,2026-03-16T17:03:49.040000Z,2026-03-16T17:22:27.408000Z,2026-03-16T17:32:47.915000Z,2026-03-16T17:22:27.778169Z,1119.0,C1H0WMUM,3386,English,47,Female,White,United States,United States,United States,English,DATA_EXPIRED,DATA_EXPIRED
69b83846b4f070cf617b8e18,66d1c42ba50bf1d30bf11fad,APPROVED,Not Applicable,2026-03-16T17:05:14.326000Z,2026-03-16T17:16:27.496000Z,2026-03-16T17:20:36.241000Z,2026-03-16T17:16:27.891983Z,674.0,C1H0WMUM,1505,English,35,Female,White,United States,United States,United States,English,No,Full-Time
69b8384a14035005c3f85b12,69b0591aebc8c64b198ad42a,APPROVED,Not Applicable,2026-03-16T17:10:59.533000Z,2026-03-16T17:17:15.392000Z,2026-03-16T17:20:36.510000Z,2026-03-16T17:17:15.738761Z,376.0,C1H0WMUM,45,English,25,Female,White,United States,United States,United States,English,No,Unemployed (and job seeking)
69b839937d1c1b5c43593bc0,633b0a148c59e60d29652fda,APPROVED,Not Applicable,2026-03-16T17:11:05.440000Z,2026-03-16T17:21:28.711000Z,2026-03-16T17:32:48.298000Z,2026-03-16T17:21:29.096444Z,624.0,C1H0WMUM,1436,English,41,Male,White,United States,United States,United States,English,No,Full-Time
69b839fb6e3211722ec19703,5ffb8c5b60571908f3ac19fa,APPROVED,Not Applicable,2026-03-16T17:15:53.226000Z,2026-03-16T17:24:58.233000Z,2026-03-16T17:32:48.685000Z,2026-03-16T17:24:58.628436Z,546.0,C1H0WMUM,17564,English,44,Male,White,United States,United States,United States,English,No,Part-Time
69b83a9e8a6670617244679a,6997ba22df8c21fa7a61664c,APPROVED,Not Applicable,2026-03-16T17:15:14.741000Z,2026-03-16T17:25:31.949000Z,2026-03-16T17:32:49.072000Z,2026-03-16T17:25:32.332704Z,618.0,C1H0WMUM,307,English,26,Female,White,United States,United States,United States,English,No,Unemployed (and job seeking)
69b83a9fc62a0092b5e14f80,5adeb4e9f6b58c0001fa70aa,APPROVED,Not Applicable,2026-03-16T17:15:15.468000Z,2026-03-16T17:23:32.675000Z,2026-03-16T17:32:49.484000Z,2026-03-16T17:23:33.022380Z,498.0,C1H0WMUM,4628,English,27,Male,Mixed,United States,United States,United States,English,No,"Not in paid work (e.g. homemaker', 'retired or disabled)"
69b83acb4d51b924ab043407,6745f73ee7541460adbabcff,APPROVED,Not Applicable,2026-03-16T17:16:20.138000Z,2026-03-16T17:24:55.338000Z,2026-03-16T17:32:49.868000Z,2026-03-16T17:24:55.691639Z,516.0,C1H0WMUM,2491,"English, French",46,Female,Black,United States,United States,United States,English,Yes,Full-Time
69b83aec81d996878ef1ad08,677bdabbdcaf99b4cd8c86a5,APPROVED,Not Applicable,2026-03-16T17:16:48.917000Z,2026-03-16T17:29:52.450000Z,2026-03-16T17:32:50.257000Z,2026-03-16T17:29:53.013709Z,784.0,C1H0WMUM,2104,English,26,Female,White,United States,United States,United States,English,DATA_EXPIRED,DATA_EXPIRED
69b83b1b171d9ace7a2e1441,641dfbd1cf0e57384c37a037,APPROVED,Not Applicable,2026-03-16T17:19:28.407000Z,2026-03-16T17:43:35.351000Z,2026-03-16T17:57:16.957000Z,2026-03-16T17:43:35.754418Z,1447.0,C1H0WMUM,4960,English,46,Female,White,United States,United States,United States,English,No,Other
69b83c19495c8400954d6d04,6165ab1d62dc48b90438ea1d,APPROVED,Not Applicable,2026-03-16T17:21:38.124000Z,2026-03-16T17:34:06.736000Z,2026-03-16T18:28:23.252000Z,2026-03-16T17:34:07.099443Z,749.0,6165ab1d62dc48b90438ea1d,2380,English,35,Male,Mixed,United States,United States,United States,English,Yes,Full-Time
69b83c537560a8c9feba19f6,672451c5f4e558e08242d746,APPROVED,Not Applicable,2026-03-16T17:22:27.556000Z,2026-03-16T17:41:09.992000Z,2026-03-16T17:41:22.807000Z,2026-03-16T17:41:10.342448Z,1123.0,C1H0WMUM,2388,English,29,Male,Black,United States,United States,United States,English,DATA_EXPIRED,DATA_EXPIRED
69b83c9ed966c223de80ec47,65f07afc1465de6442db2c75,APPROVED,Not Applicable,2026-03-16T17:24:30.402000Z,2026-03-16T17:31:42.036000Z,2026-03-16T17:32:50.660000Z,2026-03-16T17:31:42.479790Z,432.0,C1H0WMUM,3352,English,37,Male,White,United States,United States,United States,English,No,Full-Time
69b83cc6d61d32f54b371832,60a2286e51973ae842a306ea,APPROVED,Not Applicable,2026-03-16T17:24:25.524000Z,2026-03-16T17:38:41.107000Z,2026-03-16T17:41:23.119000Z,2026-03-16T17:38:41.519571Z,856.0,C1H0WMUM,12161,English,48,Male,White,United States,United States,United States,English,No,Full-Time
69b83ce443205628f228c3d9,698376529879ff866fb4e864,APPROVED,Not Applicable,2026-03-16T17:24:55.536000Z,2026-03-16T17:39:29.250000Z,2026-03-16T17:41:23.401000Z,2026-03-16T17:39:29.633660Z,874.0,C1H0WMUM,319,English,26,Female,White,United States,United States,United States,English,No,Part-Time
69b83ce8d9d18c31c53d6f60,62a7c4d5266dfb89bf94fec8,APPROVED,Not Applicable,2026-03-16T17:25:00.475000Z,2026-03-16T17:32:06.714000Z,2026-03-16T17:32:51.049000Z,2026-03-16T17:32:07.103726Z,427.0,C1H0WMUM,10003,English,48,Female,Black,United States,United States,United States,English,DATA_EXPIRED,DATA_EXPIRED
69b83d73b6d654c69fe766e6,58a1fe40ea3d11000170d9b9,APPROVED,Not Applicable,2026-03-16T17:27:19.752000Z,2026-03-16T17:40:29.988000Z,2026-03-16T17:41:23.714000Z,2026-03-16T17:40:30.422713Z,791.0,C1H0WMUM,11020,English,33,Female,White,United States,United States,United States,English,No,Full-Time
69b83e17b929baac8634c9f0,633c2576bb250e8f0da2be0a,APPROVED,Not Applicable,2026-03-16T17:30:06.873000Z,2026-03-16T17:43:42.219000Z,2026-03-16T17:57:17.209000Z,2026-03-16T17:43:42.563423Z,816.0,C1H0WMUM,2420,English,40,Male,White,United States,United States,United States,English,No,Full-Time
69b83e7e6539f37a417216d1,662fbb4163d7a1695a748636,APPROVED,Not Applicable,2026-03-16T17:31:45.354000Z,2026-03-16T17:47:55.136000Z,2026-03-16T17:57:17.462000Z,2026-03-16T17:47:55.493007Z,970.0,C1H0WMUM,5698,English,33,Male,White,United States,United States,United States,English,Yes,Full-Time
69b83e97377db7049dc1747a,663a7dfda4b3d560eb9290c8,APPROVED,Not Applicable,2026-03-16T17:32:10.385000Z,2026-03-16T17:53:57.174000Z,2026-03-16T17:57:17.705000Z,2026-03-16T17:53:57.549430Z,1307.0,C1H0WMUM,2270,English,45,Male,White,United States,United States,United States,English,No,Full-Time
69b83ef1a1f8db33d3f806a6,662692c1abc4830626fccb23,APPROVED,Not Applicable,2026-03-16T17:34:09.186000Z,2026-03-16T17:41:15.655000Z,2026-03-16T17:41:24.117000Z,2026-03-16T17:41:16.045025Z,427.0,C1H0WMUM,6403,English,38,Female,White,United States,United States,United States,English,No,Full-Time
69b83f187e51c3a7c61bb279,69b0669034c6b15eb482d5ba,APPROVED,Not Applicable,2026-03-16T17:34:19.485000Z,2026-03-16T17:44:48.487000Z,2026-03-16T17:57:17.935000Z,2026-03-16T17:44:48.862813Z,630.0,C1H0WMUM,47,English,26,Female,White,United States,United States,DATA_EXPIRED,English,No,Full-Time
69b840254d78fe038ed736dd,5ef66e81cf5fa435ea9a4e8d,APPROVED,Not Applicable,2026-03-16T17:38:48.305000Z,2026-03-16T17:48:19.562000Z,2026-03-16T18:15:03.699000Z,2026-03-16T17:48:19.888415Z,572.0,NOCODE,6010,English,28,Female,Asian,United States,United States,United States,English,No,Full-Time
69b8405388f6490862c30486,678850e350af39b7032dd102,APPROVED,Not Applicable,2026-03-16T17:39:52.300000Z,2026-03-16T18:13:51.788000Z,2026-03-16T18:15:04.033000Z,2026-03-16T18:13:52.152504Z,2040.0,C1H0WMUM,1554,English,43,Female,White,United States,United States,United States,English,No,Full-Time
69b840b61ee40998d38adb4a,607668ac450fc6e3025a131d,APPROVED,Not Applicable,2026-03-16T17:41:10.196000Z,2026-03-16T17:55:51.720000Z,2026-03-16T17:57:18.160000Z,2026-03-16T17:55:52.314449Z,882.0,C1H0WMUM,7951,English,50,Male,Asian,China,United States,United States,Chinese,No,Full-Time
69b840bc64533021426c901e,65d863e56337aa59292ccd66,APPROVED,Not Applicable,2026-03-16T17:41:42.420000Z,2026-03-16T17:51:05.886000Z,2026-03-16T17:57:18.439000Z,2026-03-16T17:51:06.369267Z,564.0,C1H0WMUM,4964,English,34,Female,Black,United States,United States,United States,English,No,Part-Time
69b841520ae75399f66d874d,63d6873b65a6170d64a652f6,APPROVED,Not Applicable,2026-03-16T17:48:17.491000Z,2026-03-16T18:05:52.766000Z,2026-03-16T18:06:04.596000Z,2026-03-16T18:05:53.156415Z,1056.0,C1H0WMUM,10475,English,43,Male,White,United States,United States,United States,English,No,Unemployed (and job seeking)
69b8415309b6009ba6fae2b9,69b46c98ee6a48ae327f7410,APPROVED,Not Applicable,2026-03-16T17:43:51.751000Z,2026-03-16T17:49:29.360000Z,2026-03-16T17:57:18.852000Z,2026-03-16T17:49:39.445434Z,338.0,C1H0WMUM,17,"English, Spanish",22,Female,White,United States,United States,United States,English,No,Part-Time
69b8425170200cc3f0af99f6,62cb2fda77bec729c86fbbba,APPROVED,Not Applicable,2026-03-16T17:48:09.523000Z,2026-03-16T17:57:11.016000Z,2026-03-16T17:57:19.191000Z,2026-03-16T17:57:11.402909Z,542.0,C1H0WMUM,3767,English,42,Male,White,United States,United States,United States,English,No,Full-Time
69b84263d07e056ed3b69a56,6760853e178af224e611e496,APPROVED,Not Applicable,2026-03-16T17:50:38.786000Z,2026-03-16T18:02:56.356000Z,2026-03-16T18:06:04.867000Z,2026-03-16T18:02:56.811624Z,738.0,C1H0WMUM,2965,English,40,Male,White,United States,United States,United States,English,No,Full-Time
69b8430a4357704a85bcfc5f,65e9e06ec999087bab157048,APPROVED,Not Applicable,2026-03-16T17:51:09.704000Z,2026-03-16T18:04:01.568000Z,2026-03-16T18:06:05.110000Z,2026-03-16T18:04:01.937202Z,772.0,C1H0WMUM,2013,English,42,Female,White,United States,United States,United States,English,No,Full-Time
69b8431f5d89a1ba62283785,5e387dba03aa45000bc6e272,APPROVED,Not Applicable,2026-03-16T17:51:33.833000Z,2026-03-16T18:00:09.758000Z,2026-03-16T18:00:37.394000Z,2026-03-16T18:00:10.142240Z,516.0,C1H0WMUM,5233,English,41,Female,White,United States,United States,United States,English,No,Full-Time
69b843ed58989c25c6281984,67c0ee3c27278be601aa384d,APPROVED,Not Applicable,2026-03-16T17:55:32.047000Z,2026-03-16T18:33:40.155000Z,2026-03-16T18:39:55.959000Z,2026-03-16T18:33:40.586283Z,2289.0,C1H0WMUM,1745,"English, Hindi",58,Male,Asian,United States,United States,United States,English,No,Part-Time
69b84429c2bc1ee701e5fe53,63a9a8f2f098b7e45bd03721,APPROVED,Not Applicable,2026-03-16T17:55:58.553000Z,2026-03-16T18:06:59.269000Z,2026-03-16T18:15:04.450000Z,2026-03-16T18:06:59.664794Z,661.0,C1H0WMUM,11829,English,71,Male,White,United States,United States,United States,English,No,Full-Time
69b84447ac5c5044520ce390,66f0c2c17d872e5874877985,APPROVED,Not Applicable,2026-03-16T17:56:23.003000Z,2026-03-16T18:18:01.604000Z,2026-03-16T18:28:47.513000Z,2026-03-16T18:18:02.058032Z,1299.0,C1H0WMUM,1764,"English, Portuguese",38,Male,Other,United States,United States,United States,English,DATA_EXPIRED,DATA_EXPIRED
69b8447a472d924db3e88b6e,66f305037af69346a9a55b42,APPROVED,Not Applicable,2026-03-16T18:03:15.779000Z,2026-03-16T18:18:09.375000Z,2026-03-16T18:28:47.952000Z,2026-03-16T18:18:10.698008Z,894.0,C1H0WMUM,11271,English,33,Female,White,United States,United States,United States,English,No,Full-Time
69b8452b7d1c217bf10cee3a,69a87cb20e8503ae8c6d6cc9,APPROVED,Not Applicable,2026-03-16T18:00:11.906000Z,2026-03-16T18:19:47.221000Z,2026-03-16T18:28:48.280000Z,2026-03-16T18:19:47.626420Z,1176.0,C1H0WMUM,128,English,40,Female,White,United States,United States,United States,English,No,Part-Time
69b845538f233bbf437fe095,699e273db555745f1dc05f48,APPROVED,Not Applicable,2026-03-16T18:00:51.651000Z,2026-03-16T18:18:57.062000Z,2026-03-16T18:28:48.596000Z,2026-03-16T18:18:57.713894Z,1086.0,C1H0WMUM,258,English,44,Male,White,United States,United States,United States,English,No,Part-Time
69b846147365ea1f891fdefe,6734f1c203f8352bd2ebeaab,APPROVED,Not Applicable,2026-03-16T18:05:09.660000Z,2026-03-16T18:14:16.721000Z,2026-03-16T18:15:04.873000Z,2026-03-16T18:14:17.120002Z,548.0,C1H0WMUM,772,English,26,Female,White,United States,United States,United States,English,DATA_EXPIRED,DATA_EXPIRED
69b84681d135a6a5ddadb778,6978d0709aa985931d1d8e6e,APPROVED,Not Applicable,2026-03-16T18:05:57.719000Z,2026-03-16T18:15:24.877000Z,2026-03-16T18:16:29.187000Z,2026-03-16T18:15:25.257330Z,568.0,C1H0WMUM,479,English,43,Male,White,United States,United States,United States,English,No,Full-Time
69b846c8540a19fe6aaeee4c,67def81ba5ffb33a228e677b,APPROVED,Not Applicable,2026-03-16T18:09:31.202000Z,2026-03-16T18:27:45.551000Z,2026-03-16T18:28:48.889000Z,2026-03-16T18:27:45.950699Z,1095.0,C1H0WMUM,3623,English,56,Female,White,United States,United States,United States,English,DATA_EXPIRED,DATA_EXPIRED
69b846c87ca1f882c7142b25,669d753a74776ad79e3cdff4,APPROVED,Not Applicable,2026-03-16T18:13:17.502000Z,2026-03-16T18:21:18.098000Z,2026-03-16T18:28:49.206000Z,2026-03-16T18:21:18.478400Z,481.0,C1H0WMUM,4304,English,28,Male,White,United States,United States,United States,English,No,Part-Time
69b8486a6505ba21aceea267,67db79c1394397a838ce8fdd,APPROVED,Not Applicable,2026-03-16T18:14:17.162000Z,2026-03-16T18:27:15.526000Z,2026-03-16T18:28:49.529000Z,2026-03-16T18:27:15.914863Z,779.0,C1H0WMUM,2779,"English, Spanish",32,Female,Mixed,United States,United States,United States,Spanish,No,Full-Time
69b84878ee65213b25feb949,697ed59824964096e537d7d3,APPROVED,Not Applicable,2026-03-16T18:14:19.845000Z,2026-03-16T18:28:31.747000Z,2026-03-16T18:39:56.373000Z,2026-03-16T18:28:32.114692Z,852.0,C1H0WMUM,513,"Spanish, English",22,Male,Other,United States,United States,United States,English,No,Unemployed (and job seeking)
69b848c0f195554676bb5f12,664fcd7938e76f20c1503ed1,APPROVED,Not Applicable,2026-03-16T18:15:28.837000Z,2026-03-16T18:32:14.239000Z,2026-03-16T18:39:56.722000Z,2026-03-16T18:32:14.624836Z,1006.0,C1H0WMUM,1890,English,61,Female,White,United States,United States,United States,English,DATA_EXPIRED,DATA_EXPIRED
69b8495c1ccc342c33fb8abb,56e6a66af6ed900006a5867c,APPROVED,Not Applicable,2026-03-16T18:18:04.429000Z,2026-03-16T18:35:04.327000Z,2026-03-16T18:39:57.015000Z,2026-03-16T18:35:04.753286Z,1020.0,C1H0WMUM,14605,English,45,Male,White,United States,United States,United States,English,No,Part-Time
69b84962446f0b097f961e17,5bb58e338f3bd70001e5df57,APPROVED,Not Applicable,2026-03-16T18:18:33.750000Z,2026-03-16T18:33:48.134000Z,2026-03-16T18:39:57.304000Z,2026-03-16T18:33:48.560298Z,915.0,C1H0WMUM,12224,English,48,Male,White,United States,United States,United States,English,No,Full-Time
69b849911db5ce4d1279e060,695fc6f44b2a15b182059821,APPROVED,Not Applicable,2026-03-16T18:19:00.244000Z,2026-03-16T18:36:22.835000Z,2026-03-16T18:39:57.568000Z,2026-03-16T18:36:23.212425Z,1043.0,C1H0WMUM,25,English,33,Female,White,United States,United States,United States,English,No,Full-Time
69b849c43a5c265a44ad8422,6915f52f14821e8ee1ef62d0,APPROVED,Not Applicable,2026-03-16T18:19:53.304000Z,2026-03-16T18:33:07.501000Z,2026-03-16T18:39:57.844000Z,2026-03-16T18:33:07.861478Z,795.0,C1H0WMUM,218,English,46,Female,White,United States,United States,United States,English,No,Part-Time
69b84a1efcd51e2c2357529e,641e62a8191451d08e6c08f7,APPROVED,Not Applicable,2026-03-16T18:22:29.459000Z,2026-03-16T18:37:24.197000Z,2026-03-16T18:39:58.141000Z,2026-03-16T18:37:24.602715Z,895.0,C1H0WMUM,3135,English,39,Male,White,United States,United States,United States,English,DATA_EXPIRED,DATA_EXPIRED
69b84b838884f551faa651f5,67e065974c85fbeb5f9f43be,APPROVED,Not Applicable,2026-03-16T18:27:15.680000Z,2026-03-16T18:43:46.114000Z,2026-03-16T18:50:20.378000Z,2026-03-16T18:43:46.479454Z,991.0,C1H0WMUM,1843,English,35,Male,White,United States,United States,United States,English,DATA_EXPIRED,DATA_EXPIRED
69b84ba12ff832e9f12185fb,66295cf0dbecaeeb1cddb852,APPROVED,Not Applicable,2026-03-16T18:27:50.538000Z,2026-03-16T18:53:59.167000Z,2026-03-16T18:54:50.932000Z,2026-03-16T18:53:59.565461Z,1569.0,C1H0WMUM,2200,English,52,Female,White,United States,United States,United States,English,Yes,Part-Time
69b84bd4337eefa7d5861dfb,699ece8a778dfb99b080dfba,APPROVED,Not Applicable,2026-03-16T18:28:44.656000Z,2026-03-16T18:32:59.251000Z,2026-03-16T18:39:58.460000Z,2026-03-16T18:32:59.618751Z,255.0,C1H0WMUM,184,English,37,Female,White,United States,United States,United States,English,No,Full-Time
69b84d06d3422b2273308ff4,5d55d43e25dd4c00174122dc,APPROVED,Not Applicable,2026-03-16T18:33:42.119000Z,2026-03-16T18:44:09.673000Z,2026-03-16T18:50:20.643000Z,2026-03-16T18:44:10.064956Z,628.0,C1H0WMUM,8960,English,50,Male,White,United States,United States,United States,English,No,Full-Time
69b84d0eb068d020ae2f4968,60fd6618f9a377f54dcdf318,APPROVED,Not Applicable,2026-03-16T18:34:52.831000Z,2026-03-16T18:50:21.591000Z,2026-03-16T18:54:51.271000Z,2026-03-16T18:50:21.997288Z,929.0,C1H0WMUM,23177,"English, Chinese",40,Male,Mixed,United States,United States,United States,English,Yes,Full-Time
69b84d58a606a2070592346c,698e495c1fc8060e7080c7b9,APPROVED,Not Applicable,2026-03-16T18:35:09.346000Z,2026-03-16T19:05:10.298000Z,2026-03-16T19:09:38.088000Z,2026-03-16T19:05:29.209355Z,1801.0,C1H0WMUM,522,English,28,Male,Mixed,United States,United States,United States,English,No,Full-Time
69b84d7d45a6956f4c43493d,698cba509a53b18ae63d9b7c,APPROVED,Not Applicable,2026-03-16T18:35:55.340000Z,2026-03-16T19:07:15.567000Z,2026-03-16T19:09:38.352000Z,2026-03-16T19:07:15.942145Z,1881.0,C1H0WMUM,128,"English, French",25,Female,Black,United States,United States,United States,English,No,Full-Time
69b84d897aa92eb280bee347,63d29a1e50cf0f82998d2564,APPROVED,Not Applicable,2026-03-16T18:35:56.205000Z,2026-03-16T18:47:58.110000Z,2026-03-16T18:50:20.886000Z,2026-03-16T18:47:58.516171Z,722.0,C1H0WMUM,6930,English,31,Female,White,United States,United States,United States,English,No,Full-Time
69b84da7c52222ee158ddfa3,67cb51b23d74b436185a20eb,APPROVED,Not Applicable,2026-03-16T18:45:11.898000Z,2026-03-16T19:16:25.407000Z,2026-03-16T19:19:32.431000Z,2026-03-16T19:16:25.873740Z,1874.0,C1H0WMUM,1845,English,30,Female,White,United States,United States,United States,English,DATA_EXPIRED,DATA_EXPIRED
69b84de544b048249b86dc7b,66946e3054a30a2bf5b1be40,APPROVED,Not Applicable,2026-03-16T18:37:25.286000Z,2026-03-16T18:57:31.273000Z,2026-03-16T19:09:38.583000Z,2026-03-16T18:57:31.771004Z,1206.0,C1H0WMUM,3079,"English, Spanish",21,Female,White,Puerto Rico,United States,United States,English,No,Full-Time
69b84f3ce7b1311ea1e53096,67e0863f736da524dbe7ac66,APPROVED,Not Applicable,2026-03-16T18:43:08.173000Z,2026-03-16T19:02:05.325000Z,2026-03-16T19:09:38.814000Z,2026-03-16T19:02:05.709387Z,1138.0,C1H0WMUM,1910,English,50,Male,Other,United States,United States,United States,English,DATA_EXPIRED,DATA_EXPIRED
69b84f63d594e6d22a1dfb72,67cc82d73c1dc6dab0da3147,APPROVED,Not Applicable,2026-03-16T18:43:47.812000Z,2026-03-16T19:00:18.312000Z,2026-03-16T19:09:39.070000Z,2026-03-16T19:00:18.707467Z,991.0,C1H0WMUM,1989,English,60,Male,White,United States,United States,United States,English,DATA_EXPIRED,DATA_EXPIRED
69b84f813a6361a5efae622e,697ad253ab1c6dee97f3e5f0,APPROVED,Not Applicable,2026-03-16T18:44:20.521000Z,2026-03-16T18:49:16.453000Z,2026-03-16T18:50:21.136000Z,2026-03-16T18:49:16.824761Z,296.0,C1H0WMUM,140,"English, Chinese, Mandarin",20,Male,Asian,China,United States,China,Chinese,Yes,"Not in paid work (e.g. homemaker', 'retired or disabled)"
69b8505e57f230aff5588f64,6631236a819d589594d78907,APPROVED,Not Applicable,2026-03-16T18:48:01.799000Z,2026-03-16T19:03:33.208000Z,2026-03-16T19:09:39.348000Z,2026-03-16T19:03:33.596933Z,932.0,C1H0WMUM,2946,English,39,Female,Asian,United States,United States,United States,English,No,Full-Time
69b850ad7606d39c820d790d,5b9095901e21c10001e9e8ee,APPROVED,Not Applicable,2026-03-16T18:49:24.422000Z,2026-03-16T19:05:59.377000Z,2026-03-16T19:09:39.577000Z,2026-03-16T19:05:59.769185Z,995.0,C1H0WMUM,3120,English,49,Male,White,United States,United States,United States,English,No,Full-Time
69bad228651c7bb1caf6981e,69932ccc26c39ba9a7a39642,APPROVED,Not Applicable,2026-03-18T16:26:23.979000Z,2026-03-18T16:34:33.421000Z,2026-03-18T17:30:28.130000Z,2026-03-18T16:34:33.794973Z,490.0,C1H0WMUM,574,English,66,Male,White,United States,United States,United States,English,No,Part-Time
69bad229e759f5b035b508e7,66116b936273edeae82eb481,APPROVED,Not Applicable,2026-03-18T16:27:16.269000Z,2026-03-18T16:57:39.143000Z,2026-03-18T17:30:28.619000Z,2026-03-18T16:57:39.530850Z,1823.0,C1H0WMUM,4436,"English, Swahili",54,Female,Black,United States,United States,United States,English,Yes,Full-Time
69bad22a5309f41da8fa58e8,67daaf1bd5692a92530dcadb,APPROVED,Not Applicable,2026-03-18T16:26:21.955000Z,2026-03-18T16:32:40.854000Z,2026-03-18T17:30:28.905000Z,2026-03-18T16:32:41.249562Z,379.0,C1H0WMUM,1474,English,72,Male,White,United States,United States,United States,English,No,Part-Time
69bad22b1d666f8d660b68e4,6404a64d880bbe7ceaff2256,APPROVED,Not Applicable,2026-03-18T16:26:22.366000Z,2026-03-18T16:31:30.233000Z,2026-03-18T17:30:29.168000Z,2026-03-18T16:31:30.622426Z,308.0,C1H0WMUM,1574,"English, Spanish",29,Male,White,United States,United States,United States,English,Yes,Full-Time
69bad22cc3121a8aa78fe20f,6983f2651e15e9e45bfd8b27,APPROVED,Not Applicable,2026-03-18T16:26:30.357000Z,2026-03-18T16:35:46.861000Z,2026-03-18T17:30:29.454000Z,2026-03-18T16:35:47.243669Z,557.0,C1H0WMUM,432,English,42,Female,White,United States,United States,United States,English,Yes,"Not in paid work (e.g. homemaker', 'retired or disabled)"
69bad22d01c891d2db6beda2,67608d020ab313f56180df41,APPROVED,Not Applicable,2026-03-18T16:29:30.793000Z,2026-03-18T16:39:07.983000Z,2026-03-18T17:30:29.690000Z,2026-03-18T16:39:08.399406Z,578.0,C1H0WMUM,3659,English,68,Male,Black,United States,United States,United States,English,No,Part-Time
69bad22e621407db0bca1474,5c37aa8b832a8400010983b3,APPROVED,Not Applicable,2026-03-18T16:26:26.410000Z,2026-03-18T16:41:34.250000Z,2026-03-18T17:30:29.957000Z,2026-03-18T16:41:34.616908Z,908.0,C1H0WMUM,7612,English,38,Male,Asian,United States,United States,United States,English,No,Full-Time
69bad26917fd8ca6b59b60c5,698dee6d2ae524621f2356d9,APPROVED,Not Applicable,2026-03-18T16:27:28.167000Z,2026-03-18T17:02:32.365000Z,2026-03-18T17:30:30.256000Z,2026-03-18T17:02:32.736813Z,2105.0,C1H0WMUM,223,English,29,Male,White,United States,United States,United States,English,Yes,Part-Time
69bad2a023712918c28922e4,5638d3a544e8c8000ee869a2,APPROVED,Not Applicable,2026-03-18T16:28:35.201000Z,2026-03-18T16:47:14.272000Z,2026-03-18T17:30:30.606000Z,2026-03-18T16:47:14.715169Z,1120.0,C1H0WMUM,3070,English,37,Male,White,United States,United States,United States,English,No,Part-Time
69bad36a2312ac0e47f042d5,698e1bdaffae8699322bb097,APPROVED,Not Applicable,2026-03-18T16:31:41.926000Z,2026-03-18T16:44:11.885000Z,2026-03-18T17:30:30.943000Z,2026-03-18T16:44:12.249540Z,750.0,C1H0WMUM,634,English,31,Female,White,United States,United States,United States,English,No,Part-Time
69bad3a9f7bd498000ea034b,696fe4ad1a4f878d1c7f56db,APPROVED,Not Applicable,2026-03-18T16:32:44.728000Z,2026-03-18T16:40:43.430000Z,2026-03-18T17:30:31.280000Z,2026-03-18T16:40:43.827404Z,479.0,C1H0WMUM,568,English,22,Female,White,United States,United States,DATA_EXPIRED,English,No,Part-Time
69bad45c239c3e9e3a9491fb,69ac80094c5494db959077d6,APPROVED,Not Applicable,2026-03-18T16:35:44.678000Z,2026-03-18T16:45:49.115000Z,2026-03-18T17:30:31.598000Z,2026-03-18T16:45:49.499158Z,605.0,C1H0WMUM,250,English,30,Male,White,United States,United States,United States,English,No,Part-Time
69bad51bbc4b3e248f368539,5c315f577626080001a88cb2,APPROVED,Not Applicable,2026-03-18T16:38:51.003000Z,2026-03-18T17:05:23.825000Z,2026-03-18T17:30:31.931000Z,2026-03-18T17:05:24.305441Z,1593.0,C1H0WMUM,1550,"Spanish, English",32,Male,Mixed,United States,United States,United States,English,DATA_EXPIRED,DATA_EXPIRED
69bad533dd0764735fb176d5,698f856e69e61e3418ae465a,APPROVED,Not Applicable,2026-03-18T16:39:19.357000Z,2026-03-18T16:39:28.923000Z,2026-03-18T17:29:26.913000Z,2026-03-18T16:46:36.406847Z,10.0,C342T7TO,84,English,29,Female,Asian,United States,United States,United States,English,No,Full-Time
69bad541fc1be015bc5fa47c,67e97d506e0dfa7ff0b407c5,APPROVED,Not Applicable,2026-03-18T16:39:34.816000Z,2026-03-18T16:45:36.447000Z,2026-03-18T17:30:32.248000Z,2026-03-18T16:45:40.546630Z,362.0,C1H0WMUM,4961,English,37,Male,White,United States,United States,United States,English,No,Full-Time
69bad58c928ad74369adff2c,5d0c46b3dff7d70019e6dda7,APPROVED,Not Applicable,2026-03-18T16:40:49.098000Z,2026-03-18T16:55:58.126000Z,2026-03-18T17:30:32.552000Z,2026-03-18T16:55:58.548780Z,910.0,C1H0WMUM,1708,English,40,Male,White,United States,United States,United States,English,DATA_EXPIRED,DATA_EXPIRED
69bad5be01bd968b2145a7ce,5dac4dad5e53cc001499f1f6,APPROVED,Not Applicable,2026-03-18T16:42:00.221000Z,2026-03-18T16:55:26.540000Z,2026-03-18T17:30:32.875000Z,2026-03-18T16:55:26.963364Z,807.0,C1H0WMUM,8344,English,35,Male,White,United States,United States,United States,English,No,Unemployed (and job seeking)
69bad623d7bf1ade54316f7d,698796ccf456c156d91c7409,APPROVED,Not Applicable,2026-03-18T16:43:20.275000Z,2026-03-18T16:50:27.285000Z,2026-03-18T17:30:33.140000Z,2026-03-18T16:50:27.677913Z,428.0,C1H0WMUM,296,English,31,Male,White,United States,United States,United States,English,No,Full-Time
69bad65ce423c205f768ef9f,62b5e02f3112243a7d47153c,APPROVED,Not Applicable,2026-03-18T16:44:16.574000Z,2026-03-18T16:58:16.235000Z,2026-03-18T17:30:33.419000Z,2026-03-18T16:58:17.552494Z,840.0,C1H0WMUM,1784,"English, Spanish",21,Male,White,United States,United States,United States,Spanish,DATA_EXPIRED,DATA_EXPIRED
69bad6b8df8d687c0bb0db57,69b2a14f582bd9ef11830fdf,APPROVED,Not Applicable,2026-03-18T16:46:05.712000Z,2026-03-18T16:52:25.659000Z,2026-03-18T17:30:33.712000Z,2026-03-18T16:52:26.023752Z,380.0,C1H0WMUM,45,"English, Urdu",19,Male,Asian,United States,United States,United States,English,Yes,Unemployed (and job seeking)
69bad6bde2fe406f8c7a40ad,6719170f0f458ffa099009cd,APPROVED,Not Applicable,2026-03-18T16:45:55.691000Z,2026-03-18T16:56:14.254000Z,2026-03-18T17:30:34.068000Z,2026-03-18T16:57:01.747631Z,619.0,C1H0WMUM,3686,English,71,Male,White,United States,United States,United States,English,No,Part-Time
69bad712edd339d762ec6a2b,699042fa7f543d2707081aee,APPROVED,Not Applicable,2026-03-18T16:47:21.406000Z,2026-03-18T17:06:42.871000Z,2026-03-18T17:30:34.393000Z,2026-03-18T17:06:43.343598Z,1162.0,C1H0WMUM,17,English,26,Female,Mixed,United States,United States,United States,English,No,Part-Time
69bad7d49e784c5a62575073,601b28841ca7bb2f8edaa293,APPROVED,Not Applicable,2026-03-18T16:51:49.937000Z,2026-03-18T17:43:34.648000Z,2026-03-18T22:05:12.143000Z,2026-03-18T17:51:47.432451Z,3105.0,ineedanother5minutestosubmitisthatok,7433,English,34,Male,Mixed,United States,United States,United States,English,DATA_EXPIRED,DATA_EXPIRED
69bad905ca54e26736a922c4,5884593bd920ed0001fdccb4,APPROVED,Not Applicable,2026-03-18T16:55:39.760000Z,2026-03-18T17:23:58.823000Z,2026-03-18T17:30:34.723000Z,2026-03-18T17:23:59.225194Z,1700.0,C1H0WMUM,9844,English,43,Male,White,United States,United States,United States,English,No,"Not in paid work (e.g. homemaker', 'retired or disabled)"
69bad9365d17636b4deae14b,63fa78f21e485a372c6528fa,APPROVED,Not Applicable,2026-03-18T16:56:27.646000Z,2026-03-18T17:09:19.970000Z,2026-03-18T17:30:35.065000Z,2026-03-18T17:09:20.373454Z,773.0,C1H0WMUM,5338,English,53,Male,White,United States,United States,United States,English,No,Part-Time
69bad94dc28697294ebe4e7e,5bc0ac845a09ea00012e2d30,APPROVED,Not Applicable,2026-03-18T17:05:43.108000Z,2026-03-18T17:20:01.933000Z,2026-03-18T17:30:35.358000Z,2026-03-18T17:20:02.298645Z,859.0,C1H0WMUM,5173,English,38,Female,White,United States,United States,United States,English,No,DATA_EXPIRED
69bad98371c4be3a41186bc3,5a285307df86d80001455de5,APPROVED,Not Applicable,2026-03-18T17:06:17.419000Z,2026-03-18T17:38:23.095000Z,2026-03-18T22:03:36.919000Z,2026-03-18T17:38:23.452325Z,1926.0,C1H0WMUM,2717,"English, Spanish",29,Male,White,United States,United States,United States,English,No,Full-Time
69bada14685e7c38d0a5208f,698f9675b0a2c0885344c225,APPROVED,Not Applicable,2026-03-18T17:00:12.120000Z,2026-03-18T17:05:36.500000Z,2026-03-18T17:30:35.721000Z,2026-03-18T17:05:36.846727Z,325.0,C1H0WMUM,507,English,24,Male,White,United States,United States,United States,English,No,Part-Time
69badaaa777443c4ebf1a581,69a5e0ed3d041ecec41e5c5d,APPROVED,Not Applicable,2026-03-18T17:02:38.758000Z,2026-03-18T17:11:08.144000Z,2026-03-18T17:30:36.122000Z,2026-03-18T17:11:08.519380Z,510.0,C1H0WMUM,108,English,26,Male,Asian,United States,United States,Vietnam,English,Yes,Unemployed (and job seeking)
69badb5bbb553617418c4dd2,64d5219df0415c9a7c609c19,APPROVED,Not Applicable,2026-03-18T17:05:31.850000Z,2026-03-18T17:14:07.777000Z,2026-03-18T17:30:36.441000Z,2026-03-18T17:14:08.309012Z,516.0,C1H0WMUM,13242,English,50,Male,White,United States,United States,United States,English,No,Full-Time
69badb608a2fdefb0b6e582c,66d0217be06f8783cc04f0a7,APPROVED,Not Applicable,2026-03-18T17:05:40.448000Z,2026-03-18T17:14:52.745000Z,2026-03-18T17:30:36.730000Z,2026-03-18T17:14:53.153593Z,553.0,C1H0WMUM,3141,English,35,Male,White,United States,United States,United States,English,No,Full-Time
69badba3c32c1af71f92fafa,672ceecd4b982fd2123fa32f,APPROVED,Not Applicable,2026-03-18T17:06:43.199000Z,2026-03-18T17:28:27.959000Z,2026-03-18T17:30:36.974000Z,2026-03-18T17:28:28.356518Z,1305.0,C1H0WMUM,1925,English,37,Male,DATA_EXPIRED,United States,United States,United States,English,DATA_EXPIRED,DATA_EXPIRED
69badc1576f173dd50b8de33,67f302367b115d1edb94f0b0,APPROVED,Not Applicable,2026-03-18T17:08:42.533000Z,2026-03-18T17:21:22.445000Z,2026-03-18T17:30:37.226000Z,2026-03-18T17:21:22.924809Z,760.0,C1H0WMUM,2552,English,39,Female,White,United States,United States,United States,English,DATA_EXPIRED,DATA_EXPIRED
69badc42286e2ba3f2fb73d0,5dce29700ad506063969a4a5,APPROVED,Not Applicable,2026-03-18T17:09:22.727000Z,2026-03-18T17:28:19.715000Z,2026-03-18T17:30:37.502000Z,2026-03-18T17:28:20.121183Z,1137.0,C1H0WMUM,12560,English,42,Female,White,United States,United States,United States,English,No,"Not in paid work (e.g. homemaker', 'retired or disabled)"
69badcb9c3a1810dd0346854,63e51bca9f87294437c3cbb8,APPROVED,Not Applicable,2026-03-18T17:11:26.073000Z,2026-03-18T17:31:19.032000Z,2026-03-18T22:03:37.240000Z,2026-03-18T17:31:19.432350Z,1193.0,C1H0WMUM,5476,English,34,Male,Mixed,United States,United States,United States,English,DATA_EXPIRED,DATA_EXPIRED
69badd600e4f3458d381ccbf,67dd40b531ab9c33ff61e98e,APPROVED,Not Applicable,2026-03-18T17:14:13.193000Z,2026-03-18T17:22:50.324000Z,2026-03-18T17:30:37.767000Z,2026-03-18T17:22:50.787620Z,518.0,C1H0WMUM,2320,English,35,Male,White,United States,United States,United States,English,DATA_EXPIRED,DATA_EXPIRED
69badd8ca2c206cd50aa025b,670d8b142f87173ffe3b4763,APPROVED,Not Applicable,2026-03-18T17:14:52.908000Z,2026-03-18T17:42:02.234000Z,2026-03-18T22:03:37.600000Z,2026-03-18T17:42:02.634731Z,1630.0,C1H0WMUM,2210,English,37,Male,Black,United States,United States,United States,English,DATA_EXPIRED,Full-Time
69badec4a0c3ec6b4b78d9b4,699c5d2c8f847c2a0920b0f8,APPROVED,Not Applicable,2026-03-18T17:20:04.625000Z,2026-03-18T17:28:00.069000Z,2026-03-18T17:30:38.047000Z,2026-03-18T17:28:00.438712Z,476.0,C1H0WMUM,180,English,36,Male,Asian,United States,United States,United States,English,No,Full-Time
69badf6cf15ddb7be97fa0d9,67461d4d0e1f14c52691668e,APPROVED,Not Applicable,2026-03-18T17:23:23.022000Z,2026-03-18T17:29:38.986000Z,2026-03-18T17:30:38.310000Z,2026-03-18T17:29:39.383923Z,376.0,C1H0WMUM,4423,"English, Portuguese",34,Male,White,United States,United States,United States,English,DATA_EXPIRED,Full-Time
69badf80b7f5268f38a71000,66c6133252fcbe47f5701f53,APPROVED,Not Applicable,2026-03-18T17:23:12.311000Z,2026-03-18T17:42:13.836000Z,2026-03-18T22:03:37.944000Z,2026-03-18T17:42:14.262724Z,1142.0,C1H0WMUM,1444,English,24,Male,Black,United States,United States,United States,English,DATA_EXPIRED,DATA_EXPIRED
69badfafdeacb5d6d234c4f0,67e92dbd9199b830fbecdf2e,APPROVED,Not Applicable,2026-03-18T17:24:05.725000Z,2026-03-18T17:38:32.264000Z,2026-03-18T22:03:38.218000Z,2026-03-18T17:38:32.625576Z,867.0,C1H0WMUM,2529,English,28,Male,White,United States,United States,United States,English,No,Full-Time
69bae0a218444b8fa06e580d,674bea1eb044fbe75795fef1,APPROVED,Not Applicable,2026-03-18T17:28:09.602000Z,2026-03-18T17:44:57.924000Z,2026-03-18T22:03:38.553000Z,2026-03-18T17:44:58.326384Z,1009.0,C1H0WMUM,5701,English,47,Female,White,United States,United States,United States,English,Yes,Full-Time
69bae0be33fb33f546de4ebc,668512ccce74ea87cbdd72de,APPROVED,Not Applicable,2026-03-18T17:28:40.904000Z,2026-03-18T17:53:15.849000Z,2026-03-18T22:03:38.856000Z,2026-03-18T17:53:16.288263Z,1475.0,C1H0WMUM,1547,English,33,Female,White,United States,United States,United States,English,No,DATA_EXPIRED
69bae103f15fc2c91707fc35,6007a7996fbeef04ce080f90,APPROVED,Not Applicable,2026-03-18T17:34:19.013000Z,2026-03-18T17:43:57.345000Z,2026-03-18T22:03:39.136000Z,2026-03-18T17:44:15.774295Z,579.0,C1H0WMUM,9676,English,68,Female,White,United States,United States,United States,English,No,"Not in paid work (e.g. homemaker', 'retired or disabled)"
69bae168f82d444b90bcfcaf,63fd545c9e693441916712ff,APPROVED,Not Applicable,2026-03-18T17:31:23.037000Z,2026-03-18T17:43:57.781000Z,2026-03-18T22:03:39.393000Z,2026-03-18T17:43:58.542507Z,755.0,C1H0WMUM,3873,English,66,Male,White,United States,United States,United States,English,No,Full-Time
69bae26d48597a01bcb8de22,673fe23a86818d6026205f04,APPROVED,Not Applicable,2026-03-18T17:35:45.372000Z,2026-03-18T17:41:22.239000Z,2026-03-18T22:03:39.720000Z,2026-03-18T17:41:22.636947Z,337.0,C1H0WMUM,943,"English, Indonesian",33,Male,Other,United States,United States,United States,English,No,Full-Time
69bae312e9242986fdf4f43d,6983ae95951b187ad56f0d08,APPROVED,Not Applicable,2026-03-18T17:38:32.248000Z,2026-03-18T17:57:37.958000Z,2026-03-18T22:03:40.806000Z,2026-03-18T17:57:38.415629Z,1146.0,C1H0WMUM,127,English,58,Female,Black,United States,United States,United States,English,No,Full-Time
69bae31907420089cd1b5371,660dfb0b513cd3c8af03656e,APPROVED,Not Applicable,2026-03-18T17:38:37.809000Z,2026-03-18T17:47:02.066000Z,2026-03-18T22:03:41.109000Z,2026-03-18T17:47:02.458291Z,505.0,C1H0WMUM,6595,English,44,Female,White,United States,United States,United States,English,No,Full-Time
69bae3cb9a84b755bdd8b6de,5c6709ab926a5b0001eb29c1,APPROVED,Not Applicable,2026-03-18T17:41:35.417000Z,2026-03-18T18:34:47.223000Z,2026-03-18T22:03:41.352000Z,2026-03-18T18:34:47.624825Z,3192.0,C1H0WMUM,8606,"English, Spanish",38,Female,White,United States,United States,United States,English,DATA_EXPIRED,DATA_EXPIRED
69bae3ea71308a0c403a6200,67eff64644dbaffed18ecb37,APPROVED,Not Applicable,2026-03-18T17:42:06.684000Z,2026-03-18T17:55:00.058000Z,2026-03-18T22:03:41.656000Z,2026-03-18T17:55:00.476504Z,774.0,C1H0WMUM,1781,"English, French, German, Spanish",27,Female,White,United States,United States,United States,English,DATA_EXPIRED,Full-Time
69bae449aaf66f4caae8e618,62ab399e15b98baaf3099d60,APPROVED,Not Applicable,2026-03-18T17:43:49.059000Z,2026-03-18T17:56:19.308000Z,2026-03-18T22:05:12.428000Z,2026-03-18T17:56:19.678745Z,751.0,62ab399e15b98baaf3099d60,1627,English,61,Male,White,United States,United States,United States,English,Yes,Full-Time
69bae45d7318e06554b9e14a,659daa1ed4e13d6428103c1f,APPROVED,Not Applicable,2026-03-18T17:44:55.896000Z,2026-03-18T17:57:31.715000Z,2026-03-18T22:03:41.925000Z,2026-03-18T17:57:32.072352Z,756.0,C1H0WMUM,9166,English,61,Female,Asian,India,United States,United States,Hindi,No,"Not in paid work (e.g. homemaker', 'retired or disabled)"
69bae45e905e9ca2a7b8de36,6994a3207108947586c5f99c,APPROVED,Not Applicable,2026-03-18T17:44:09.098000Z,2026-03-18T17:53:29.259000Z,2026-03-18T22:03:42.234000Z,2026-03-18T17:53:29.628636Z,561.0,C1H0WMUM,333,English,28,Male,Black,United States,United States,United States,English,Yes,Full-Time
69bae51def467705e1790818,5d311667f6df9d00011af0e1,APPROVED,Not Applicable,2026-03-18T17:47:12.552000Z,2026-03-18T17:50:38.796000Z,2026-03-18T22:03:43.167000Z,2026-03-18T17:50:39.203441Z,207.0,C1H0WMUM,2327,English,45,Female,Asian,United States,United States,United States,English,No,Full-Time
69bae53ab3f05c61cb713f1e,66293a86e40515e886439323,APPROVED,Not Applicable,2026-03-18T17:47:44.331000Z,2026-03-18T17:53:54.448000Z,2026-03-18T22:03:43.453000Z,2026-03-18T17:53:54.838387Z,371.0,C1H0WMUM,4030,English,47,Female,White,United States,United States,United States,English,No,Full-Time
69bae58cd15f482e147c8fcc,67828038b2e1f7607e817e11,APPROVED,Not Applicable,2026-03-18T17:49:24.178000Z,2026-03-18T18:02:58.150000Z,2026-03-18T22:03:43.738000Z,2026-03-18T18:02:58.550477Z,814.0,C1H0WMUM,3917,English,68,Male,White,United States,United States,United States,English,No,"Not in paid work (e.g. homemaker', 'retired or disabled)"
69bae5f9bd0974da2c5ada0b,63d3fbf6aca63e00ed85d00a,APPROVED,Not Applicable,2026-03-18T17:52:39.395000Z,2026-03-18T18:02:31.886000Z,2026-03-18T22:03:44.044000Z,2026-03-18T18:02:32.237074Z,593.0,C1H0WMUM,3117,English,36,Female,White,United States,United States,United States,English,No,Full-Time
69bae68c49545ecb9670c411,667871d17d7fdf0358f82a28,APPROVED,Not Applicable,2026-03-18T17:57:08.138000Z,2026-03-18T18:10:14.558000Z,2026-03-18T22:03:44.342000Z,2026-03-18T18:10:14.943440Z,787.0,C1H0WMUM,10681,English,46,Male,White,United States,United States,United States,English,DATA_EXPIRED,DATA_EXPIRED
69bae69d9e753f2e4b48b298,694179d88301c400c4bbdb4d,APPROVED,Not Applicable,2026-03-18T17:53:40.937000Z,2026-03-18T18:08:11.184000Z,2026-03-18T22:03:44.686000Z,2026-03-18T18:08:11.563702Z,871.0,C1H0WMUM,1757,"French, English, Chinese",33,Female,Asian,China,United States,United States,Chinese,No,Full-Time
69bae6b3dc437d6b710bc0a4,69602d86d5c83a79d9b816d1,APPROVED,Not Applicable,2026-03-18T17:53:59.710000Z,2026-03-18T18:15:47.442000Z,2026-03-18T22:03:45.026000Z,2026-03-18T18:15:47.833446Z,1308.0,C1H0WMUM,687,English,61,Male,White,United States,United States,United States,English,No,Other
69bae7454c5d4354838308cc,67435174b76a747138e8a47a,APPROVED,Not Applicable,2026-03-18T17:56:37.276000Z,2026-03-18T18:23:19.512000Z,2026-03-18T22:03:45.334000Z,2026-03-18T18:23:19.894586Z,1603.0,C1H0WMUM,971,English,23,Female,White,United States,United States,United States,English,No,Part-Time
69bae78f267b92955a4f970f,698658ac437fd2d1295b0938,APPROVED,Not Applicable,2026-03-18T17:57:38.944000Z,2026-03-18T18:04:31.197000Z,2026-03-18T22:03:45.633000Z,2026-03-18T18:04:31.575432Z,413.0,C1H0WMUM,100,English,51,Male,White,United States,United States,United States,English,No,Full-Time
69bae7926800008c1575bf86,6384ec504af00dd4483f521e,APPROVED,Not Applicable,2026-03-18T17:57:48.283000Z,2026-03-18T18:07:19.381000Z,2026-03-18T22:03:45.952000Z,2026-03-18T18:07:19.737918Z,572.0,C1H0WMUM,2231,English,33,Male,White,United States,United States,United States,English,No,Full-Time
69bae799ccc7b2bf8cb87ca0,69b4d480a79e1cf2c2b3308f,APPROVED,Not Applicable,2026-03-18T17:58:09.759000Z,2026-03-18T18:21:43.464000Z,2026-03-18T22:03:46.218000Z,2026-03-18T18:21:43.841541Z,1414.0,C1H0WMUM,21,English,25,Female,Black,United States,United States,United States,English,No,Part-Time
69bae8d2489b18fa8d3a2028,6632fc0b22af8fdf65f98b32,APPROVED,Not Applicable,2026-03-18T18:03:07.158000Z,2026-03-18T18:25:44.781000Z,2026-03-18T22:03:46.531000Z,2026-03-18T18:25:45.165955Z,1358.0,C1H0WMUM,3486,"English, French, Italian, Spanish",42,Female,Mixed,United States,United States,United States,English,DATA_EXPIRED,DATA_EXPIRED
69bae9318038307181dfb3b5,67d9ef30fe8af2858e8dbbd3,APPROVED,Not Applicable,2026-03-18T18:04:38.552000Z,2026-03-18T18:12:12.479000Z,2026-03-18T22:03:46.799000Z,2026-03-18T18:12:12.837029Z,454.0,C1H0WMUM,3739,English,52,Female,Mixed,United States,United States,United States,English,DATA_EXPIRED,DATA_EXPIRED
69bae9e129fabc614569e290,65d6c06fdab6027eb01ed62c,APPROVED,Not Applicable,2026-03-18T18:07:36.043000Z,2026-03-18T18:14:06.708000Z,2026-03-18T22:03:47.119000Z,2026-03-18T18:14:07.076802Z,391.0,C1H0WMUM,1445,English,35,Female,White,United States,United States,United States,English,Yes,Part-Time
69bae9e4718bf641d3827389,698e5a3c588dabe43339f2cc,APPROVED,Not Applicable,2026-03-18T18:07:36.256000Z,2026-03-18T18:13:30.812000Z,2026-03-18T22:03:47.380000Z,2026-03-18T18:13:31.219675Z,355.0,C1H0WMUM,10,English,34,Male,White,United States,United States,United States,English,No,Part-Time
69baea0b4518e9311ba1a53f,66ccdd9f6b12c6ea6fa01f42,APPROVED,Not Applicable,2026-03-18T18:08:16.277000Z,2026-03-18T18:25:11.683000Z,2026-03-18T22:03:47.722000Z,2026-03-18T18:25:12.083254Z,1016.0,C1H0WMUM,7166,English,34,Male,White,United States,United States,Germany,English,DATA_EXPIRED,Full-Time
69baea8ae4957661386a893b,66c76908f3f9290934eaed01,APPROVED,Not Applicable,2026-03-18T18:10:27.657000Z,2026-03-18T18:28:21.948000Z,2026-03-18T22:03:48.065000Z,2026-03-18T18:28:22.303931Z,1075.0,C1H0WMUM,3645,English,49,Female,Black,United States,United States,United States,English,No,"Not in paid work (e.g. homemaker', 'retired or disabled)"
69baeafdb07f29fb291f9be7,6733983217b9e8aaa7b1732d,APPROVED,Not Applicable,2026-03-18T18:12:23.265000Z,2026-03-18T18:27:31.204000Z,2026-03-18T22:03:48.341000Z,2026-03-18T18:28:26.866186Z,908.0,C1H0WMUM,2121,English,58,Male,White,United States,United States,United States,English,No,"Not in paid work (e.g. homemaker', 'retired or disabled)"
69baeb4c5f0086b97b74df9f,673bc7364722159a7c678802,APPROVED,Not Applicable,2026-03-18T18:13:41.196000Z,2026-03-18T18:37:33.998000Z,2026-03-18T22:03:48.612000Z,2026-03-18T18:37:34.448193Z,1433.0,C1H0WMUM,2205,English,36,Female,Other,United States,United States,United States,English,No,Full-Time
69baed3cb09792abbe1f9b76,663e41d7c44e04a78a45a70f,APPROVED,Not Applicable,2026-03-18T18:21:48.356000Z,2026-03-18T18:43:20.005000Z,2026-03-18T22:03:48.877000Z,2026-03-18T18:43:21.440733Z,1292.0,C1H0WMUM,308,English,37,Female,Mixed,United States,United States,United States,English,No,Part-Time
69baed48cf7efabfe7251f5f,65ef1b4257164ebb8e1db886,APPROVED,Not Applicable,2026-03-18T18:22:04.721000Z,2026-03-18T18:30:59.122000Z,2026-03-18T22:03:49.195000Z,2026-03-18T18:30:59.530402Z,535.0,C1H0WMUM,4592,English,35,Female,White,United States,United States,United States,English,No,"Not in paid work (e.g. homemaker', 'retired or disabled)"
69baeda912155115f314cb79,69b689c727308ff99a5775e4,APPROVED,Not Applicable,2026-03-18T18:23:47.221000Z,2026-03-18T18:31:58.797000Z,2026-03-18T22:03:49.470000Z,2026-03-18T18:31:59.171776Z,492.0,C1H0WMUM,2,English,34,Male,Other,United States,United States,United States,Spanish,No,Full-Time
69baee0e7fb84b989fecfdcf,698754c1f51d3f9181f7952b,APPROVED,Not Applicable,2026-03-18T18:25:35.138000Z,2026-03-18T18:32:01.934000Z,2026-03-18T22:03:49.746000Z,2026-03-18T18:32:02.309672Z,387.0,C1H0WMUM,591,English,26,Female,Black,United States,United States,United States,English,Yes,Part-Time
69baee2915bdc421baed7f26,66b3dc1490445aa410abd41e,APPROVED,Not Applicable,2026-03-18T18:26:36.043000Z,2026-03-18T18:36:54.263000Z,2026-03-18T22:03:50.055000Z,2026-03-18T18:36:54.643748Z,619.0,C1H0WMUM,4865,English,31,Male,White,United States,United States,United States,English,No,Part-Time
69baee9e1b61274624f0f66b,695fb400c874a4d7ea24f340,APPROVED,Not Applicable,2026-03-18T18:27:47.063000Z,2026-03-18T18:37:29.115000Z,2026-03-18T22:03:50.363000Z,2026-03-18T18:37:30.206123Z,583.0,C1H0WMUM,345,English,28,Female,White,United States,United States,DATA_EXPIRED,English,No,Full-Time
69baeec5dc00654fe92b6f44,5e175705cfe8dc000b559793,APPROVED,Not Applicable,2026-03-18T18:28:25.220000Z,2026-03-18T18:33:13.187000Z,2026-03-18T22:03:50.626000Z,2026-03-18T18:33:13.565457Z,288.0,C1H0WMUM,12495,English,47,Male,White,United States,United States,United States,English,No,Full-Time
69baeec8abf9af9c055c25f8,6980e0a29769a2c1407c3808,APPROVED,Not Applicable,2026-03-18T18:28:28.861000Z,2026-03-18T18:41:06.175000Z,2026-03-18T22:03:50.945000Z,2026-03-18T18:41:17.453834Z,758.0,C1H0WMUM,739,"Cantonese, English",25,Male,Asian,United States,United States,United States,English,No,Due to start a new job within the next month
69baefa06bd8382d162c1f7e,699f458ae7cc388d0e5f2a60,APPROVED,Not Applicable,2026-03-18T18:32:08.117000Z,2026-03-18T18:45:58.184000Z,2026-03-18T22:03:51.226000Z,2026-03-18T18:45:58.598075Z,831.0,C1H0WMUM,534,"Spanish, English",37,Male,White,Cuba,United States,United States,Spanish,No,Unemployed (and job seeking)
69baefca7f3723eb7b328992,62e19208352cd518d7b2f085,APPROVED,Not Applicable,2026-03-18T18:33:01.815000Z,2026-03-18T18:52:37.653000Z,2026-03-18T22:03:51.495000Z,2026-03-18T18:52:38.085561Z,1176.0,C1H0WMUM,3651,English,36,Male,White,United States,United States,United States,English,No,Full-Time
69baefe9417e4a631514cadc,67ed8a9ef13251ff7c8b66a8,APPROVED,Not Applicable,2026-03-18T18:34:52.654000Z,2026-03-18T18:49:45.061000Z,2026-03-18T22:03:51.737000Z,2026-03-18T18:49:45.507961Z,893.0,C1H0WMUM,2047,English,19,Female,White,United States,United States,United States,Scots,DATA_EXPIRED,Full-Time
69baf047259217835c1b5356,678d1117ee7d6bf82b559edc,APPROVED,Not Applicable,2026-03-18T18:34:52.511000Z,2026-03-18T18:49:21.372000Z,2026-03-18T22:03:52.065000Z,2026-03-18T18:49:21.734622Z,869.0,C1H0WMUM,1990,English,42,Female,White,United States,United States,United States,English,DATA_EXPIRED,DATA_EXPIRED
69baf0c7b2be6dbb0ef69d54,67edb211a7c1d23c1535d6b2,APPROVED,Not Applicable,2026-03-18T18:46:06.714000Z,2026-03-18T19:05:19.791000Z,2026-03-18T22:03:52.327000Z,2026-03-18T19:05:20.166878Z,1154.0,C1H0WMUM,2930,English,42,Male,Black,United States,United States,United States,English,No,Full-Time
69baf0d2c4edfc628d1b5357,6754246c81ce61cb6ffe887f,APPROVED,Not Applicable,2026-03-18T18:37:53.717000Z,2026-03-18T22:04:31.102000Z,2026-03-18T22:04:31.535000Z,2026-03-18T22:04:31.679916Z,12398.0,Manual Completion,1269,"English, French",45,Female,White,United States,United States,United States,English,DATA_EXPIRED,DATA_EXPIRED
69baf0f0d2fcf72e0114e338,5fefaa63238d4be5c34c0d51,APPROVED,Not Applicable,2026-03-18T18:37:43.051000Z,2026-03-18T18:45:45.958000Z,2026-03-18T22:03:52.596000Z,2026-03-18T18:45:46.348623Z,483.0,C1H0WMUM,3956,English,29,Male,White,United States,United States,United States,English,No,Full-Time
69baf10ccbc0540033aedfc6,67f9613e658e3cf579bf5c25,APPROVED,Not Applicable,2026-03-18T18:47:17.727000Z,2026-03-18T19:10:31.657000Z,2026-03-18T22:03:52.867000Z,2026-03-18T19:10:32.023483Z,1394.0,C1H0WMUM,1926,English,57,Male,White,United States,United States,United States,English,No,Part-Time
69baf1c31f93f04a8d4feb4a,6726c70622b97e6722fa53d8,APPROVED,Not Applicable,2026-03-18T18:41:11.728000Z,2026-03-18T18:52:15.847000Z,2026-03-18T22:03:53.163000Z,2026-03-18T18:52:16.225286Z,665.0,C1H0WMUM,8654,English,67,Female,White,United States,United States,United States,English,No,Part-Time
69baf24ab62cac782c944267,67709b0a96dcc9c2a7b0a06e,APPROVED,Not Applicable,2026-03-18T18:45:05.497000Z,2026-03-18T19:14:43.052000Z,2026-03-18T22:03:53.432000Z,2026-03-18T19:14:43.445062Z,1778.0,C1H0WMUM,2234,English,52,Female,White,United States,United States,United States,English,DATA_EXPIRED,DATA_EXPIRED
69baf2e755d26d5eeb8a70e4,642f5bc14c648f1b66b98b51,APPROVED,Not Applicable,2026-03-18T18:45:59.308000Z,2026-03-18T19:09:44.689000Z,2026-03-18T22:03:53.687000Z,2026-03-18T19:09:45.100979Z,1426.0,C1H0WMUM,4867,English,51,Female,Black,United States,United States,United States,English,No,Part-Time
69baf3b6be8c83875c115377,69b1b97710e33ffce3bdedae,APPROVED,Not Applicable,2026-03-18T18:50:59.766000Z,2026-03-18T18:58:45.121000Z,2026-03-18T22:03:53.951000Z,2026-03-18T18:58:45.503818Z,466.0,C1H0WMUM,52,English,31,Male,Black,United States,United States,United States,English,No,Full-Time
69baf3ca6c636b77626a13ce,678bbb267cd2b3ce8d20084f,APPROVED,Not Applicable,2026-03-18T18:51:02.276000Z,2026-03-18T19:07:32.093000Z,2026-03-18T22:03:54.257000Z,2026-03-18T19:07:32.463061Z,990.0,C1H0WMUM,3259,English,40,Female,White,United States,United States,United States,English,No,DATA_EXPIRED
69baf447fd2838e9a18bcfa5,6983ac5265ea18163cd9befe,APPROVED,Not Applicable,2026-03-18T18:51:55.842000Z,2026-03-18T19:02:32.242000Z,2026-03-18T22:03:54.572000Z,2026-03-18T19:02:32.594532Z,637.0,C1H0WMUM,1330,English,22,Female,White,United States,United States,United States,English,No,Unemployed (and job seeking)
69baf463b96cc751d2b9437f,66a02d45a7db35d93c9f6a81,APPROVED,Not Applicable,2026-03-18T18:52:22.792000Z,2026-03-18T19:13:50.213000Z,2026-03-18T22:03:54.861000Z,2026-03-18T19:13:50.623403Z,1288.0,C1H0WMUM,6861,English,27,Male,White,United States,United States,United States,English,Yes,Full-Time
69baf4773582ecfef150a151,678967766af8f51e08627049,APPROVED,Not Applicable,2026-03-18T18:53:31.519000Z,2026-03-18T19:06:18.375000Z,2026-03-18T22:03:55.180000Z,2026-03-18T19:06:32.524939Z,767.0,C1H0WMUM,2736,English,55,Female,Black,United States,United States,United States,English,DATA_EXPIRED,DATA_EXPIRED
69baf5ede9c554eb55bbb69c,69a3460f280a85619c6f4cc2,APPROVED,Not Applicable,2026-03-18T18:58:56.967000Z,2026-03-18T19:05:39.639000Z,2026-03-18T22:03:55.526000Z,2026-03-18T19:05:40.020343Z,403.0,C1H0WMUM,588,English,31,Male,White,United Kingdom,United States,United Kingdom,English,No,"Not in paid work (e.g. homemaker', 'retired or disabled)"
69baf71bf5d9d40a976a8926,67dd4210d92f4c3aac8d944c,APPROVED,Not Applicable,2026-03-18T19:03:55.534000Z,2026-03-18T19:15:02.991000Z,2026-03-18T22:03:55.843000Z,2026-03-18T19:15:03.360292Z,668.0,C1H0WMUM,1687,English,34,Male,Black,United States,United States,United States,English,DATA_EXPIRED,DATA_EXPIRED
69baf78efdd05f190de1a81d,582c71a66ef28c00019a1068,APPROVED,Not Applicable,2026-03-18T19:12:40.736000Z,2026-03-18T19:28:31.869000Z,2026-03-18T22:03:56.122000Z,2026-03-18T19:28:32.244435Z,952.0,C1H0WMUM,8585,English,37,Male,White,United States,United States,United States,English,No,DATA_EXPIRED
69baf7ab3410fc29495381ef,66382b8eaa7dc4b8946ea191,APPROVED,Not Applicable,2026-03-18T19:06:22.873000Z,2026-03-18T19:16:28.652000Z,2026-03-18T22:03:56.402000Z,2026-03-18T19:16:29.059804Z,606.0,C1H0WMUM,1689,English,44,Female,White,Canada,United States,United States,English,No,Other
69baf7f44db94b95eeb99dc1,698f84867ac322a15c92bbf0,APPROVED,Not Applicable,2026-03-18T19:07:34.987000Z,2026-03-18T19:23:27.025000Z,2026-03-18T22:03:56.708000Z,2026-03-18T19:23:27.403421Z,953.0,C1H0WMUM,127,English,31,Female,White,United States,United States,United States,English,No,Unemployed (and job seeking)
69baf83af759c53425ae0508,694177f4224ae3a105687c4e,APPROVED,Not Applicable,2026-03-18T19:08:59.055000Z,2026-03-18T19:15:32.998000Z,2026-03-18T22:03:56.995000Z,2026-03-18T19:15:33.427868Z,394.0,C1H0WMUM,797,English,25,Male,Black,United States,United States,United States,English,No,Unemployed (and job seeking)
69baf879b778604a2e0bf1ab,616f727b03e888e0f8213eec,APPROVED,Not Applicable,2026-03-18T19:09:45.472000Z,2026-03-18T19:22:22.047000Z,2026-03-18T22:03:57.292000Z,2026-03-18T19:22:22.461265Z,757.0,C1H0WMUM,4394,English,34,Male,White,United States,United States,United States,English,DATA_EXPIRED,DATA_EXPIRED
69baf8a9f9e84456f5a481b8,629e9a5d81c583f5ebe90f05,APPROVED,Not Applicable,2026-03-18T19:10:41.038000Z,2026-03-18T19:16:32.858000Z,2026-03-18T22:03:57.560000Z,2026-03-18T19:16:33.236520Z,352.0,C1H0WMUM,1453,English,45,Male,White,United States,United States,United States,English,No,Full-Time
69baf975be82c506730a15f2,69ac85697b7b02d450013951,APPROVED,Not Applicable,2026-03-18T19:14:03.614000Z,2026-03-18T19:19:57.495000Z,2026-03-18T22:03:58.734000Z,2026-03-18T19:19:57.914230Z,354.0,C1H0WMUM,120,English,38,Male,White,United States,United States,United States,English,No,Full-Time
69baf9d6f6b7cd6dcef55e9d,695fb6cffa819fd74c88bd90,APPROVED,Not Applicable,2026-03-18T19:15:42.587000Z,2026-03-18T19:27:35.254000Z,2026-03-18T22:03:59.040000Z,2026-03-18T19:27:35.641201Z,713.0,C1H0WMUM,133,English,36,Female,Black,United States,United States,United States,English,No,"Not in paid work (e.g. homemaker', 'retired or disabled)"
69bafa10b8cbdbe006cb9c5e,66613916abcfcbe01b57b32a,APPROVED,Not Applicable,2026-03-18T19:17:07.068000Z,2026-03-18T19:24:28.026000Z,2026-03-18T22:03:59.309000Z,2026-03-18T19:24:28.408232Z,441.0,C1H0WMUM,1296,English,33,Male,White,United States,United States,United States,English,No,Other
69bafa1587bca2aa44487344,69ab73e18d186d5aefe45bd3,APPROVED,Not Applicable,2026-03-18T19:16:45.332000Z,2026-03-18T19:23:03.755000Z,2026-03-18T22:03:59.603000Z,2026-03-18T19:23:04.234235Z,379.0,C1H0WMUM,139,English,28,Female,White,United States,United States,United States,English,Yes,"Not in paid work (e.g. homemaker', 'retired or disabled)"
69bafadee9e13708d90a8f53,678a6b750f1332cef0ba2f5f,APPROVED,Not Applicable,2026-03-18T19:19:58.077000Z,2026-03-18T19:35:01.858000Z,2026-03-18T22:03:59.913000Z,2026-03-18T19:35:02.274948Z,904.0,C1H0WMUM,693,English,23,Male,White,United States,United States,United States,English,No,Full-Time
69bafb7469a82beeefbfea78,58a229e74d580c0001e0a766,APPROVED,Not Applicable,2026-03-18T19:22:34.171000Z,2026-03-18T19:35:40.370000Z,2026-03-18T22:04:00.192000Z,2026-03-18T19:35:40.820128Z,787.0,C1H0WMUM,5038,English,36,Male,White,United States,United States,United States,English,No,Full-Time
69bafbb12b7d1e61c02a9c6c,69a70391f2c88a9d2477485e,APPROVED,Not Applicable,2026-03-18T19:23:29.524000Z,2026-03-18T19:41:07.903000Z,2026-03-18T22:04:00.488000Z,2026-03-18T19:41:08.524353Z,1059.0,C1H0WMUM,173,English,44,Male,Black,United States,United States,United States,English,No,Full-Time
69bafbc89819f02f2ec6d4b9,69810f157ae5ae08b8590777,APPROVED,Not Applicable,2026-03-18T19:23:58.980000Z,2026-03-18T19:35:26.272000Z,2026-03-18T22:04:00.800000Z,2026-03-18T19:35:26.698521Z,688.0,C1H0WMUM,585,English,31,Female,White,United States,United States,United States,English,No,"Not in paid work (e.g. homemaker', 'retired or disabled)"
69bafbcffbadbd41b53540dd,69600176b8aa9dc45acdbead,APPROVED,Not Applicable,2026-03-18T19:24:03.436000Z,2026-03-18T19:34:54.994000Z,2026-03-18T22:04:01.115000Z,2026-03-18T19:34:55.399782Z,652.0,C1H0WMUM,450,English,40,Male,White,United States,United States,United States,English,No,Full-Time
69bafbec8d5d7a67997a89ff,67364113bdafe2840fa05b69,APPROVED,Not Applicable,2026-03-18T19:24:28.181000Z,2026-03-18T19:35:12.165000Z,2026-03-18T22:04:01.382000Z,2026-03-18T19:35:12.547332Z,644.0,C1H0WMUM,8152,English,55,Male,White,United States,United States,United States,English,DATA_EXPIRED,DATA_EXPIRED
69bafc0f6a1b3ef8995f07b5,698d1883d88854958befcb20,APPROVED,Not Applicable,2026-03-18T19:25:12.456000Z,2026-03-18T19:40:55.333000Z,2026-03-18T22:04:01.669000Z,2026-03-18T19:40:55.706821Z,943.0,C1H0WMUM,292,English,42,Prefer not to say,Prefer not to say,United States,United States,United States,English,No,Full-Time
69baff328b214248e9bc80bf,57d0a0bee3221e00015fe385,APPROVED,Not Applicable,2026-03-18T19:38:26.361000Z,2026-03-18T19:51:18.963000Z,2026-03-18T22:04:01.978000Z,2026-03-18T19:51:19.498751Z,773.0,C1H0WMUM,11457,"English, Spanish",41,Male,Other,United States,United States,United States,English,No,Full-Time
69b7ff9bc03699f1b65aec1a,566a19b57da035000fb39b89,RETURNED,Not Applicable,2026-03-16T13:04:31.418000Z,,,,,,15869,CONSENT_REVOKED,CONSENT_REVOKED,CONSENT_REVOKED,CONSENT_REVOKED,CONSENT_REVOKED,CONSENT_REVOKED,CONSENT_REVOKED,CONSENT_REVOKED,CONSENT_REVOKED,CONSENT_REVOKED
69b8017252cfcc21a7db1636,69810cf3cd5e7c69fa9cfa49,RETURNED,Not Applicable,2026-03-16T13:11:17.254000Z,,,,,,417,CONSENT_REVOKED,CONSENT_REVOKED,CONSENT_REVOKED,CONSENT_REVOKED,CONSENT_REVOKED,CONSENT_REVOKED,CONSENT_REVOKED,CONSENT_REVOKED,CONSENT_REVOKED,CONSENT_REVOKED
69b801d98205352658d1289a,62fbeca46caf4abaaf74b5f1,RETURNED,Not Applicable,2026-03-16T13:13:00.861000Z,,,,,,10154,CONSENT_REVOKED,CONSENT_REVOKED,CONSENT_REVOKED,CONSENT_REVOKED,CONSENT_REVOKED,CONSENT_REVOKED,CONSENT_REVOKED,CONSENT_REVOKED,CONSENT_REVOKED,CONSENT_REVOKED
69b802f6afeac047dd8b3c99,5e2ac2aa0038f21089a533a4,RETURNED,Not Applicable,2026-03-16T13:17:47.077000Z,,,,,,14056,CONSENT_REVOKED,CONSENT_REVOKED,CONSENT_REVOKED,CONSENT_REVOKED,CONSENT_REVOKED,CONSENT_REVOKED,CONSENT_REVOKED,CONSENT_REVOKED,CONSENT_REVOKED,CONSENT_REVOKED
69b804fdf28efb8a46a07483,695f9adb2064ccdd40b77cdd,RETURNED,Not Applicable,2026-03-16T13:27:21.372000Z,,,,,,1777,CONSENT_REVOKED,CONSENT_REVOKED,CONSENT_REVOKED,CONSENT_REVOKED,CONSENT_REVOKED,CONSENT_REVOKED,CONSENT_REVOKED,CONSENT_REVOKED,CONSENT_REVOKED,CONSENT_REVOKED
69b806461f62589271c96927,66e0813b79955faf3b6017c3,RETURNED,Not Applicable,2026-03-16T13:41:35.582000Z,,,,,,7135,CONSENT_REVOKED,CONSENT_REVOKED,CONSENT_REVOKED,CONSENT_REVOKED,CONSENT_REVOKED,CONSENT_REVOKED,CONSENT_REVOKED,CONSENT_REVOKED,CONSENT_REVOKED,CONSENT_REVOKED
69b80882680dc6844acf284e,5f4738bfa043201203a27b4b,RETURNED,Not Applicable,2026-03-16T13:41:26.106000Z,2026-03-16T13:43:20.616000Z,,2026-03-16T13:43:21.304000Z,,C342T7TO,9404,CONSENT_REVOKED,CONSENT_REVOKED,CONSENT_REVOKED,CONSENT_REVOKED,CONSENT_REVOKED,CONSENT_REVOKED,CONSENT_REVOKED,CONSENT_REVOKED,CONSENT_REVOKED,CONSENT_REVOKED
69b809f1a66c6739661c0da5,5c6f00110b99a000018cc3c1,RETURNED,Not Applicable,2026-03-16T13:47:33.216000Z,,,,,,6717,CONSENT_REVOKED,CONSENT_REVOKED,CONSENT_REVOKED,CONSENT_REVOKED,CONSENT_REVOKED,CONSENT_REVOKED,CONSENT_REVOKED,CONSENT_REVOKED,CONSENT_REVOKED,CONSENT_REVOKED
69b80c4fad2489af399c720f,58595b56a3149800011e156e,RETURNED,Not Applicable,2026-03-16T13:57:49.718000Z,,,,,,7930,CONSENT_REVOKED,CONSENT_REVOKED,CONSENT_REVOKED,CONSENT_REVOKED,CONSENT_REVOKED,CONSENT_REVOKED,CONSENT_REVOKED,CONSENT_REVOKED,CONSENT_REVOKED,CONSENT_REVOKED
69b80ed91bd768bed2c6c181,6054e1ddb68b58dd23242765,RETURNED,Not Applicable,2026-03-16T14:08:29.407000Z,,,,,,5134,CONSENT_REVOKED,CONSENT_REVOKED,CONSENT_REVOKED,CONSENT_REVOKED,CONSENT_REVOKED,CONSENT_REVOKED,CONSENT_REVOKED,CONSENT_REVOKED,CONSENT_REVOKED,CONSENT_REVOKED
69b8107255f90f575eb545ce,5ff591cba89e1b000bfb9852,RETURNED,Not Applicable,2026-03-16T14:15:18.437000Z,,,,,,21522,CONSENT_REVOKED,CONSENT_REVOKED,CONSENT_REVOKED,CONSENT_REVOKED,CONSENT_REVOKED,CONSENT_REVOKED,CONSENT_REVOKED,CONSENT_REVOKED,CONSENT_REVOKED,CONSENT_REVOKED
69b81102e856d8edbba893e7,67ad400f3989d013fbbdc466,RETURNED,Not Applicable,2026-03-16T14:18:24.474000Z,,,,,,2179,CONSENT_REVOKED,CONSENT_REVOKED,CONSENT_REVOKED,CONSENT_REVOKED,CONSENT_REVOKED,CONSENT_REVOKED,CONSENT_REVOKED,CONSENT_REVOKED,CONSENT_REVOKED,CONSENT_REVOKED
69b811675becbb98538f4e77,5b915c9d22d85d000115c0f5,RETURNED,Not Applicable,2026-03-16T14:19:30.777000Z,,,,,,8328,CONSENT_REVOKED,CONSENT_REVOKED,CONSENT_REVOKED,CONSENT_REVOKED,CONSENT_REVOKED,CONSENT_REVOKED,CONSENT_REVOKED,CONSENT_REVOKED,CONSENT_REVOKED,CONSENT_REVOKED
69b814063b10a0188e4cc85e,67c772bba14f4251549f67ac,RETURNED,Not Applicable,2026-03-16T14:31:07.329000Z,,,,,,1753,CONSENT_REVOKED,CONSENT_REVOKED,CONSENT_REVOKED,CONSENT_REVOKED,CONSENT_REVOKED,CONSENT_REVOKED,CONSENT_REVOKED,CONSENT_REVOKED,CONSENT_REVOKED,CONSENT_REVOKED
69b8144315db8635b7426e36,672ce4b6444bb28ed1573e5a,RETURNED,Not Applicable,2026-03-16T14:31:37.696000Z,,,,,,3533,CONSENT_REVOKED,CONSENT_REVOKED,CONSENT_REVOKED,CONSENT_REVOKED,CONSENT_REVOKED,CONSENT_REVOKED,CONSENT_REVOKED,CONSENT_REVOKED,CONSENT_REVOKED,CONSENT_REVOKED
69b814d56e77a838bd185b5d,60bd28cc95ab27d4f4f6ada3,RETURNED,Not Applicable,2026-03-16T14:33:57.043000Z,,,,,,11939,CONSENT_REVOKED,CONSENT_REVOKED,CONSENT_REVOKED,CONSENT_REVOKED,CONSENT_REVOKED,CONSENT_REVOKED,CONSENT_REVOKED,CONSENT_REVOKED,CONSENT_REVOKED,CONSENT_REVOKED
69b816f5b916d340c149da11,5a6d3a19e6cc4a0001b6c47a,RETURNED,Not Applicable,2026-03-16T14:43:10.156000Z,,,,,,10603,CONSENT_REVOKED,CONSENT_REVOKED,CONSENT_REVOKED,CONSENT_REVOKED,CONSENT_REVOKED,CONSENT_REVOKED,CONSENT_REVOKED,CONSENT_REVOKED,CONSENT_REVOKED,CONSENT_REVOKED
69b8192fa3e0d76b4945482e,5ed88b61ff2fef399ca66d92,RETURNED,Not Applicable,2026-03-16T14:52:35.553000Z,,,,,,4236,CONSENT_REVOKED,CONSENT_REVOKED,CONSENT_REVOKED,CONSENT_REVOKED,CONSENT_REVOKED,CONSENT_REVOKED,CONSENT_REVOKED,CONSENT_REVOKED,CONSENT_REVOKED,CONSENT_REVOKED
69b81a1790443a6416cd7452,5d114b7a90c5a6001bcb9cc4,RETURNED,Not Applicable,2026-03-16T14:56:29.027000Z,,,,,,1536,CONSENT_REVOKED,CONSENT_REVOKED,CONSENT_REVOKED,CONSENT_REVOKED,CONSENT_REVOKED,CONSENT_REVOKED,CONSENT_REVOKED,CONSENT_REVOKED,CONSENT_REVOKED,CONSENT_REVOKED
69b81a9c83c5227aef6fbc99,5a21193ba7788f000144a906,RETURNED,Not Applicable,2026-03-16T14:59:16.021000Z,,,,,,1592,CONSENT_REVOKED,CONSENT_REVOKED,CONSENT_REVOKED,CONSENT_REVOKED,CONSENT_REVOKED,CONSENT_REVOKED,CONSENT_REVOKED,CONSENT_REVOKED,CONSENT_REVOKED,CONSENT_REVOKED
69b81c9d01dc35cae36dc0b6,5c9b1b5c441b4700179b17b2,RETURNED,Not Applicable,2026-03-16T15:07:24.989000Z,,,,,,10719,CONSENT_REVOKED,CONSENT_REVOKED,CONSENT_REVOKED,CONSENT_REVOKED,CONSENT_REVOKED,CONSENT_REVOKED,CONSENT_REVOKED,CONSENT_REVOKED,CONSENT_REVOKED,CONSENT_REVOKED
69b81d1760219fc80a1939bf,6732dd2ad292849faaca9cd3,RETURNED,Not Applicable,2026-03-16T15:11:25.645000Z,,,,,,2196,CONSENT_REVOKED,CONSENT_REVOKED,CONSENT_REVOKED,CONSENT_REVOKED,CONSENT_REVOKED,CONSENT_REVOKED,CONSENT_REVOKED,CONSENT_REVOKED,CONSENT_REVOKED,CONSENT_REVOKED
69b81eb053101ee375e5d4c7,676d967fdcb045c99d113508,RETURNED,Not Applicable,2026-03-16T15:16:03.411000Z,,,,,,4806,CONSENT_REVOKED,CONSENT_REVOKED,CONSENT_REVOKED,CONSENT_REVOKED,CONSENT_REVOKED,CONSENT_REVOKED,CONSENT_REVOKED,CONSENT_REVOKED,CONSENT_REVOKED,CONSENT_REVOKED
69b81f9eb124e64f2dc8c705,56cc78e3ccc0e20006b82a7d,RETURNED,Not Applicable,2026-03-16T15:20:04.527000Z,,,,,,12563,CONSENT_REVOKED,CONSENT_REVOKED,CONSENT_REVOKED,CONSENT_REVOKED,CONSENT_REVOKED,CONSENT_REVOKED,CONSENT_REVOKED,CONSENT_REVOKED,CONSENT_REVOKED,CONSENT_REVOKED
69b81fd709298aefc0266a72,5eb339ee6290bc124b8549a6,RETURNED,Not Applicable,2026-03-16T15:21:02.401000Z,,,,,,9047,CONSENT_REVOKED,CONSENT_REVOKED,CONSENT_REVOKED,CONSENT_REVOKED,CONSENT_REVOKED,CONSENT_REVOKED,CONSENT_REVOKED,CONSENT_REVOKED,CONSENT_REVOKED,CONSENT_REVOKED
69b82278d472effbc81c62de,65e25a56b48b9af00aaf76d5,RETURNED,Not Applicable,2026-03-16T15:32:54.091000Z,,,,,,5305,CONSENT_REVOKED,CONSENT_REVOKED,CONSENT_REVOKED,CONSENT_REVOKED,CONSENT_REVOKED,CONSENT_REVOKED,CONSENT_REVOKED,CONSENT_REVOKED,CONSENT_REVOKED,CONSENT_REVOKED
69b8227dd467db1acb25f7d3,691f240b27630b7537a73d26,RETURNED,Not Applicable,2026-03-16T15:32:22.125000Z,,,,,,312,CONSENT_REVOKED,CONSENT_REVOKED,CONSENT_REVOKED,CONSENT_REVOKED,CONSENT_REVOKED,CONSENT_REVOKED,CONSENT_REVOKED,CONSENT_REVOKED,CONSENT_REVOKED,CONSENT_REVOKED
69b823aacedd459966ab6573,699e34aff8af247c3aa29bf4,RETURNED,Not Applicable,2026-03-16T15:37:19.959000Z,,,,,,983,CONSENT_REVOKED,CONSENT_REVOKED,CONSENT_REVOKED,CONSENT_REVOKED,CONSENT_REVOKED,CONSENT_REVOKED,CONSENT_REVOKED,CONSENT_REVOKED,CONSENT_REVOKED,CONSENT_REVOKED
69b8246134f732a73a9ccc78,5c376ea0eecc440001c58889,RETURNED,Not Applicable,2026-03-16T15:40:20.119000Z,,,,,,14098,CONSENT_REVOKED,CONSENT_REVOKED,CONSENT_REVOKED,CONSENT_REVOKED,CONSENT_REVOKED,CONSENT_REVOKED,CONSENT_REVOKED,CONSENT_REVOKED,CONSENT_REVOKED,CONSENT_REVOKED
69b82470a48c17f6b861c4f5,633f03bb432dc8f74ab3a896,RETURNED,Not Applicable,2026-03-16T15:40:37.739000Z,,,,,,6456,CONSENT_REVOKED,CONSENT_REVOKED,CONSENT_REVOKED,CONSENT_REVOKED,CONSENT_REVOKED,CONSENT_REVOKED,CONSENT_REVOKED,CONSENT_REVOKED,CONSENT_REVOKED,CONSENT_REVOKED
69b8273f73db94583a489243,546ec14dfdf99b2bc7ebd032,RETURNED,Not Applicable,2026-03-16T15:52:37.257000Z,,,,,,9338,CONSENT_REVOKED,CONSENT_REVOKED,CONSENT_REVOKED,CONSENT_REVOKED,CONSENT_REVOKED,CONSENT_REVOKED,CONSENT_REVOKED,CONSENT_REVOKED,CONSENT_REVOKED,CONSENT_REVOKED
69b8288e3d945c5b99895730,60712d937752fb8780e89951,RETURNED,Not Applicable,2026-03-16T15:58:09.446000Z,,,,,,14410,CONSENT_REVOKED,CONSENT_REVOKED,CONSENT_REVOKED,CONSENT_REVOKED,CONSENT_REVOKED,CONSENT_REVOKED,CONSENT_REVOKED,CONSENT_REVOKED,CONSENT_REVOKED,CONSENT_REVOKED
69b8297ea2074f21bfe5b074,608bfa04767191aa4d57bfd8,RETURNED,Not Applicable,2026-03-16T16:02:13.120000Z,,,,,,21368,CONSENT_REVOKED,CONSENT_REVOKED,CONSENT_REVOKED,CONSENT_REVOKED,CONSENT_REVOKED,CONSENT_REVOKED,CONSENT_REVOKED,CONSENT_REVOKED,CONSENT_REVOKED,CONSENT_REVOKED
69b829f33ce95e1cb2374e86,5dac90fbfbeead001454c91f,RETURNED,Not Applicable,2026-03-16T16:04:18.576000Z,,,,,,3633,CONSENT_REVOKED,CONSENT_REVOKED,CONSENT_REVOKED,CONSENT_REVOKED,CONSENT_REVOKED,CONSENT_REVOKED,CONSENT_REVOKED,CONSENT_REVOKED,CONSENT_REVOKED,CONSENT_REVOKED
69b82a338ef832f1968f202e,69acf4cce706ba348afccc30,RETURNED,Not Applicable,2026-03-16T16:07:19.974000Z,,,,,,449,CONSENT_REVOKED,CONSENT_REVOKED,CONSENT_REVOKED,CONSENT_REVOKED,CONSENT_REVOKED,CONSENT_REVOKED,CONSENT_REVOKED,CONSENT_REVOKED,CONSENT_REVOKED,CONSENT_REVOKED
69b82b053ce95e1cb2374e9a,674345f9aa4a485b13423e9a,RETURNED,Not Applicable,2026-03-16T16:11:29.930000Z,,,,,,2809,CONSENT_REVOKED,CONSENT_REVOKED,CONSENT_REVOKED,CONSENT_REVOKED,CONSENT_REVOKED,CONSENT_REVOKED,CONSENT_REVOKED,CONSENT_REVOKED,CONSENT_REVOKED,CONSENT_REVOKED
69b82c10bdb8cd639ef016b6,64360d6189dec3ac8afc9a78,RETURNED,Not Applicable,2026-03-16T16:13:10.390000Z,,,,,,6405,CONSENT_REVOKED,CONSENT_REVOKED,CONSENT_REVOKED,CONSENT_REVOKED,CONSENT_REVOKED,CONSENT_REVOKED,CONSENT_REVOKED,CONSENT_REVOKED,CONSENT_REVOKED,CONSENT_REVOKED
69b82ddbb506f1566f6e85ae,5e7b6486b704ac034e3f01c8,RETURNED,Not Applicable,2026-03-16T16:20:49.344000Z,,,,,,6921,CONSENT_REVOKED,CONSENT_REVOKED,CONSENT_REVOKED,CONSENT_REVOKED,CONSENT_REVOKED,CONSENT_REVOKED,CONSENT_REVOKED,CONSENT_REVOKED,CONSENT_REVOKED,CONSENT_REVOKED
69b82fcde4c72d71a347103b,69b3a0f978657a6edecae4ac,RETURNED,Not Applicable,2026-03-16T16:29:06.465000Z,,,,,,41,CONSENT_REVOKED,CONSENT_REVOKED,CONSENT_REVOKED,CONSENT_REVOKED,CONSENT_REVOKED,CONSENT_REVOKED,CONSENT_REVOKED,CONSENT_REVOKED,CONSENT_REVOKED,CONSENT_REVOKED
69b82ff43eacb473102c2636,6941fecd1524d44b87397275,RETURNED,Not Applicable,2026-03-16T16:29:51.302000Z,,,,,,945,CONSENT_REVOKED,CONSENT_REVOKED,CONSENT_REVOKED,CONSENT_REVOKED,CONSENT_REVOKED,CONSENT_REVOKED,CONSENT_REVOKED,CONSENT_REVOKED,CONSENT_REVOKED,CONSENT_REVOKED
69b83124817126b68498f18b,69417bc87556092fff345887,RETURNED,Not Applicable,2026-03-16T16:34:48.812000Z,,,,,,1612,CONSENT_REVOKED,CONSENT_REVOKED,CONSENT_REVOKED,CONSENT_REVOKED,CONSENT_REVOKED,CONSENT_REVOKED,CONSENT_REVOKED,CONSENT_REVOKED,CONSENT_REVOKED,CONSENT_REVOKED
69b836e4c5a06975c38d796e,628f572a2d1304a34b9e1a37,RETURNED,Not Applicable,2026-03-16T16:59:23.388000Z,2026-03-16T16:59:44.057000Z,,2026-03-16T16:59:44.554000Z,,C342T7TO,8660,CONSENT_REVOKED,CONSENT_REVOKED,CONSENT_REVOKED,CONSENT_REVOKED,CONSENT_REVOKED,CONSENT_REVOKED,CONSENT_REVOKED,CONSENT_REVOKED,CONSENT_REVOKED,CONSENT_REVOKED
69b83a9a5f063f72b71bbb7f,69456d0b6f462223aa52768a,RETURNED,Not Applicable,2026-03-16T17:16:30.345000Z,,,,,,835,CONSENT_REVOKED,CONSENT_REVOKED,CONSENT_REVOKED,CONSENT_REVOKED,CONSENT_REVOKED,CONSENT_REVOKED,CONSENT_REVOKED,CONSENT_REVOKED,CONSENT_REVOKED,CONSENT_REVOKED
69b83cebaed4f1c36053c3be,69aa46eb7425cbf32d6c8a67,RETURNED,Not Applicable,2026-03-16T17:25:56.572000Z,,,,,,719,CONSENT_REVOKED,CONSENT_REVOKED,CONSENT_REVOKED,CONSENT_REVOKED,CONSENT_REVOKED,CONSENT_REVOKED,CONSENT_REVOKED,CONSENT_REVOKED,CONSENT_REVOKED,CONSENT_REVOKED
69b83d12a0bde118d8b897a4,5e6439d24659d01c218bcbc9,RETURNED,Not Applicable,2026-03-16T17:25:43.764000Z,,,,,,2261,CONSENT_REVOKED,CONSENT_REVOKED,CONSENT_REVOKED,CONSENT_REVOKED,CONSENT_REVOKED,CONSENT_REVOKED,CONSENT_REVOKED,CONSENT_REVOKED,CONSENT_REVOKED,CONSENT_REVOKED
69b8408ffea08cff8e852f09,66a7f83a3e18dd8dc65b900a,RETURNED,Not Applicable,2026-03-16T17:40:38.377000Z,,,,,,6670,CONSENT_REVOKED,CONSENT_REVOKED,CONSENT_REVOKED,CONSENT_REVOKED,CONSENT_REVOKED,CONSENT_REVOKED,CONSENT_REVOKED,CONSENT_REVOKED,CONSENT_REVOKED,CONSENT_REVOKED
69b8414dcf437d72270fe476,63d152150ad28a2b24aa507a,RETURNED,Not Applicable,2026-03-16T17:50:39.326000Z,,,,,,5663,CONSENT_REVOKED,CONSENT_REVOKED,CONSENT_REVOKED,CONSENT_REVOKED,CONSENT_REVOKED,CONSENT_REVOKED,CONSENT_REVOKED,CONSENT_REVOKED,CONSENT_REVOKED,CONSENT_REVOKED
69b8419127ab6bdc134cb143,695fc9f56c3e211274612ab6,RETURNED,Not Applicable,2026-03-16T17:44:53.210000Z,,,,,,570,CONSENT_REVOKED,CONSENT_REVOKED,CONSENT_REVOKED,CONSENT_REVOKED,CONSENT_REVOKED,CONSENT_REVOKED,CONSENT_REVOKED,CONSENT_REVOKED,CONSENT_REVOKED,CONSENT_REVOKED
69b842a83988672e118ffd6b,6673ad6b8abf0e0b25ea3131,RETURNED,Not Applicable,2026-03-16T17:49:33.448000Z,,,,,,2355,CONSENT_REVOKED,CONSENT_REVOKED,CONSENT_REVOKED,CONSENT_REVOKED,CONSENT_REVOKED,CONSENT_REVOKED,CONSENT_REVOKED,CONSENT_REVOKED,CONSENT_REVOKED,CONSENT_REVOKED
69b842b1d0870e513e962608,69993f6ef684d54502066142,RETURNED,Not Applicable,2026-03-16T17:49:42.939000Z,,,,,,486,CONSENT_REVOKED,CONSENT_REVOKED,CONSENT_REVOKED,CONSENT_REVOKED,CONSENT_REVOKED,CONSENT_REVOKED,CONSENT_REVOKED,CONSENT_REVOKED,CONSENT_REVOKED,CONSENT_REVOKED
69b843c0ef780863f220e3ee,631c8e97db06f601f81bd82f,RETURNED,Not Applicable,2026-03-16T17:54:12.494000Z,,,,,,17472,CONSENT_REVOKED,CONSENT_REVOKED,CONSENT_REVOKED,CONSENT_REVOKED,CONSENT_REVOKED,CONSENT_REVOKED,CONSENT_REVOKED,CONSENT_REVOKED,CONSENT_REVOKED,CONSENT_REVOKED
69b845d743aeb90b19a74956,67001b28a9974a03b6ffec54,RETURNED,Not Applicable,2026-03-16T18:03:03.715000Z,,,,,,6028,CONSENT_REVOKED,CONSENT_REVOKED,CONSENT_REVOKED,CONSENT_REVOKED,CONSENT_REVOKED,CONSENT_REVOKED,CONSENT_REVOKED,CONSENT_REVOKED,CONSENT_REVOKED,CONSENT_REVOKED
69b84cb4b90cdb728a3507f8,5b0481d17ac6e4000107e12a,RETURNED,Not Applicable,2026-03-16T18:32:37.430000Z,,,,,,5371,CONSENT_REVOKED,CONSENT_REVOKED,CONSENT_REVOKED,CONSENT_REVOKED,CONSENT_REVOKED,CONSENT_REVOKED,CONSENT_REVOKED,CONSENT_REVOKED,CONSENT_REVOKED,CONSENT_REVOKED
69b84cdb712c42f73072e4ae,665751e1e09c504b18bf805b,RETURNED,Not Applicable,2026-03-16T18:33:07.957000Z,,,,,,679,CONSENT_REVOKED,CONSENT_REVOKED,CONSENT_REVOKED,CONSENT_REVOKED,CONSENT_REVOKED,CONSENT_REVOKED,CONSENT_REVOKED,CONSENT_REVOKED,CONSENT_REVOKED,CONSENT_REVOKED
69b84ce4183aefa6fdcfa605,69b6b71e65398bf4d9b0f028,RETURNED,Not Applicable,2026-03-16T18:33:32.117000Z,,,,,,170,CONSENT_REVOKED,CONSENT_REVOKED,CONSENT_REVOKED,CONSENT_REVOKED,CONSENT_REVOKED,CONSENT_REVOKED,CONSENT_REVOKED,CONSENT_REVOKED,CONSENT_REVOKED,CONSENT_REVOKED
69b84d18910d43f40fa78bea,6306a29015f8667413e26eef,RETURNED,Not Applicable,2026-03-16T18:38:58.829000Z,,,,,,2214,CONSENT_REVOKED,CONSENT_REVOKED,CONSENT_REVOKED,CONSENT_REVOKED,CONSENT_REVOKED,CONSENT_REVOKED,CONSENT_REVOKED,CONSENT_REVOKED,CONSENT_REVOKED,CONSENT_REVOKED
69bad222dc93bec75b8e81cb,699773df86dcd0e7f4aa8a0c,RETURNED,Not Applicable,2026-03-18T16:26:13.434000Z,,,,,,334,CONSENT_REVOKED,CONSENT_REVOKED,CONSENT_REVOKED,CONSENT_REVOKED,CONSENT_REVOKED,CONSENT_REVOKED,CONSENT_REVOKED,CONSENT_REVOKED,CONSENT_REVOKED,CONSENT_REVOKED
69bad228011e3814f8a4aec2,6942b9546065aeb7e30fd87a,RETURNED,Not Applicable,2026-03-18T16:26:20.576000Z,,,,,,1954,CONSENT_REVOKED,CONSENT_REVOKED,CONSENT_REVOKED,CONSENT_REVOKED,CONSENT_REVOKED,CONSENT_REVOKED,CONSENT_REVOKED,CONSENT_REVOKED,CONSENT_REVOKED,CONSENT_REVOKED
69bad22dd5700f04a07e3971,5bb2677fd8afe200018d0afc,RETURNED,Not Applicable,2026-03-18T16:27:45.331000Z,,,,,,6040,CONSENT_REVOKED,CONSENT_REVOKED,CONSENT_REVOKED,CONSENT_REVOKED,CONSENT_REVOKED,CONSENT_REVOKED,CONSENT_REVOKED,CONSENT_REVOKED,CONSENT_REVOKED,CONSENT_REVOKED
69bad42281cc1558f4d33504,63d13bce0971871b9ff88f56,RETURNED,Not Applicable,2026-03-18T16:34:46.096000Z,,,,,,9143,CONSENT_REVOKED,CONSENT_REVOKED,CONSENT_REVOKED,CONSENT_REVOKED,CONSENT_REVOKED,CONSENT_REVOKED,CONSENT_REVOKED,CONSENT_REVOKED,CONSENT_REVOKED,CONSENT_REVOKED
69bad463c15c811c382393f5,5e77a65dcce2a2319f9e8849,RETURNED,Not Applicable,2026-03-18T16:35:55.818000Z,,,,,,1186,CONSENT_REVOKED,CONSENT_REVOKED,CONSENT_REVOKED,CONSENT_REVOKED,CONSENT_REVOKED,CONSENT_REVOKED,CONSENT_REVOKED,CONSENT_REVOKED,CONSENT_REVOKED,CONSENT_REVOKED
69bad853bfa42593dcce7b52,6400e79fec0b310140841aee,RETURNED,Not Applicable,2026-03-18T16:56:09.617000Z,,,,,,5418,CONSENT_REVOKED,CONSENT_REVOKED,CONSENT_REVOKED,CONSENT_REVOKED,CONSENT_REVOKED,CONSENT_REVOKED,CONSENT_REVOKED,CONSENT_REVOKED,CONSENT_REVOKED,CONSENT_REVOKED
69bad91edd3f4a2325e818ad,6489fae0691611ad1852bcf6,RETURNED,Not Applicable,2026-03-18T16:56:16.953000Z,,,,,,2855,CONSENT_REVOKED,CONSENT_REVOKED,CONSENT_REVOKED,CONSENT_REVOKED,CONSENT_REVOKED,CONSENT_REVOKED,CONSENT_REVOKED,CONSENT_REVOKED,CONSENT_REVOKED,CONSENT_REVOKED
69bad98891084f19ebe45c60,646c323d73a3844a4331e09b,RETURNED,Not Applicable,2026-03-18T16:57:49.731000Z,,,,,,7342,CONSENT_REVOKED,CONSENT_REVOKED,CONSENT_REVOKED,CONSENT_REVOKED,CONSENT_REVOKED,CONSENT_REVOKED,CONSENT_REVOKED,CONSENT_REVOKED,CONSENT_REVOKED,CONSENT_REVOKED
69bad9af287451c37ad6f4aa,6644b750f83b1ad48d9ce14f,RETURNED,Not Applicable,2026-03-18T16:58:28.658000Z,,,,,,2264,CONSENT_REVOKED,CONSENT_REVOKED,CONSENT_REVOKED,CONSENT_REVOKED,CONSENT_REVOKED,CONSENT_REVOKED,CONSENT_REVOKED,CONSENT_REVOKED,CONSENT_REVOKED,CONSENT_REVOKED
69badf169d0d17005b3b2aa2,5ecbe5e254cc883c02f52be8,RETURNED,Not Applicable,2026-03-18T17:21:30.292000Z,,,,,,7259,CONSENT_REVOKED,CONSENT_REVOKED,CONSENT_REVOKED,CONSENT_REVOKED,CONSENT_REVOKED,CONSENT_REVOKED,CONSENT_REVOKED,CONSENT_REVOKED,CONSENT_REVOKED,CONSENT_REVOKED
69bae0be53df2de841e8bb87,696a7d8e7ecb7691c3c716e0,RETURNED,Not Applicable,2026-03-18T17:28:34.342000Z,,,,,,1168,CONSENT_REVOKED,CONSENT_REVOKED,CONSENT_REVOKED,CONSENT_REVOKED,CONSENT_REVOKED,CONSENT_REVOKED,CONSENT_REVOKED,CONSENT_REVOKED,CONSENT_REVOKED,CONSENT_REVOKED
69bae3f6e5ed3dacb1462368,675de3bd64119cef93edfc75,RETURNED,Not Applicable,2026-03-18T17:43:18.830000Z,,,,,,7344,CONSENT_REVOKED,CONSENT_REVOKED,CONSENT_REVOKED,CONSENT_REVOKED,CONSENT_REVOKED,CONSENT_REVOKED,CONSENT_REVOKED,CONSENT_REVOKED,CONSENT_REVOKED,CONSENT_REVOKED
69bae49a4fcc66ae4f66078f,699f8fbc6e4b7b49067e5b3d,RETURNED,Not Applicable,2026-03-18T17:45:07.834000Z,,,,,,390,CONSENT_REVOKED,CONSENT_REVOKED,CONSENT_REVOKED,CONSENT_REVOKED,CONSENT_REVOKED,CONSENT_REVOKED,CONSENT_REVOKED,CONSENT_REVOKED,CONSENT_REVOKED,CONSENT_REVOKED
69bae4cb07420089cd1b5399,66106cb0a3498a31bbf902c1,RETURNED,Not Applicable,2026-03-18T17:46:00.995000Z,,,,,,5285,CONSENT_REVOKED,CONSENT_REVOKED,CONSENT_REVOKED,CONSENT_REVOKED,CONSENT_REVOKED,CONSENT_REVOKED,CONSENT_REVOKED,CONSENT_REVOKED,CONSENT_REVOKED,CONSENT_REVOKED
69bae6f8a95aba027becfe39,69600eb2dfd0bc91f66b2d9b,RETURNED,Not Applicable,2026-03-18T17:55:09.541000Z,,,,,,636,CONSENT_REVOKED,CONSENT_REVOKED,CONSENT_REVOKED,CONSENT_REVOKED,CONSENT_REVOKED,CONSENT_REVOKED,CONSENT_REVOKED,CONSENT_REVOKED,CONSENT_REVOKED,CONSENT_REVOKED
69bae8c0fce80c386974485b,698d70fc9b3b238cf53356a5,RETURNED,Not Applicable,2026-03-18T18:02:55.726000Z,,,,,,239,CONSENT_REVOKED,CONSENT_REVOKED,CONSENT_REVOKED,CONSENT_REVOKED,CONSENT_REVOKED,CONSENT_REVOKED,CONSENT_REVOKED,CONSENT_REVOKED,CONSENT_REVOKED,CONSENT_REVOKED
69bae908049bd7826feeafa4,698ea1be50ea8dbf93448cff,RETURNED,Not Applicable,2026-03-18T18:03:57.703000Z,,,,,,533,CONSENT_REVOKED,CONSENT_REVOKED,CONSENT_REVOKED,CONSENT_REVOKED,CONSENT_REVOKED,CONSENT_REVOKED,CONSENT_REVOKED,CONSENT_REVOKED,CONSENT_REVOKED,CONSENT_REVOKED
69baeb71cb69dd28b98c4dfe,698d808c87dc00b95a9ad126,RETURNED,Not Applicable,2026-03-18T18:14:32.663000Z,,,,,,262,CONSENT_REVOKED,CONSENT_REVOKED,CONSENT_REVOKED,CONSENT_REVOKED,CONSENT_REVOKED,CONSENT_REVOKED,CONSENT_REVOKED,CONSENT_REVOKED,CONSENT_REVOKED,CONSENT_REVOKED
69baebdb60da8dc16dc91a68,6991dd616f36987d7dc55ab4,RETURNED,Not Applicable,2026-03-18T18:16:04.161000Z,,,,,,1207,CONSENT_REVOKED,CONSENT_REVOKED,CONSENT_REVOKED,CONSENT_REVOKED,CONSENT_REVOKED,CONSENT_REVOKED,CONSENT_REVOKED,CONSENT_REVOKED,CONSENT_REVOKED,CONSENT_REVOKED
69baed9de58388b93e824d0d,65bd6e6d58e4443614dae27b,RETURNED,Not Applicable,2026-03-18T18:24:39.409000Z,,,,,,2790,CONSENT_REVOKED,CONSENT_REVOKED,CONSENT_REVOKED,CONSENT_REVOKED,CONSENT_REVOKED,CONSENT_REVOKED,CONSENT_REVOKED,CONSENT_REVOKED,CONSENT_REVOKED,CONSENT_REVOKED
69baef63a4f0b434246397f0,69473bba920ccf53128cb023,RETURNED,Not Applicable,2026-03-18T18:31:04.033000Z,,,,,,317,CONSENT_REVOKED,CONSENT_REVOKED,CONSENT_REVOKED,CONSENT_REVOKED,CONSENT_REVOKED,CONSENT_REVOKED,CONSENT_REVOKED,CONSENT_REVOKED,CONSENT_REVOKED,CONSENT_REVOKED
69baefa52d4eef8c23d0649f,672d806ba1b52d41e44f7cbb,RETURNED,Not Applicable,2026-03-18T18:32:13.763000Z,,,,,,1992,CONSENT_REVOKED,CONSENT_REVOKED,CONSENT_REVOKED,CONSENT_REVOKED,CONSENT_REVOKED,CONSENT_REVOKED,CONSENT_REVOKED,CONSENT_REVOKED,CONSENT_REVOKED,CONSENT_REVOKED
69baf0f1fc9e1f503a251f7c,69517812a9042b183ebc818f,RETURNED,Not Applicable,2026-03-18T18:37:41.138000Z,,,,,,1786,CONSENT_REVOKED,CONSENT_REVOKED,CONSENT_REVOKED,CONSENT_REVOKED,CONSENT_REVOKED,CONSENT_REVOKED,CONSENT_REVOKED,CONSENT_REVOKED,CONSENT_REVOKED,CONSENT_REVOKED
69baf2dfaa1ff8729c7b4d44,604a7e9f84bf0e7937200df5,RETURNED,Not Applicable,2026-03-18T18:45:54.360000Z,,,,,,9937,CONSENT_REVOKED,CONSENT_REVOKED,CONSENT_REVOKED,CONSENT_REVOKED,CONSENT_REVOKED,CONSENT_REVOKED,CONSENT_REVOKED,CONSENT_REVOKED,CONSENT_REVOKED,CONSENT_REVOKED
69baf31b24b84021323af1c7,5a9dd8b1873cda00010d18c5,RETURNED,Not Applicable,2026-03-18T18:47:00.931000Z,,,,,,3390,CONSENT_REVOKED,CONSENT_REVOKED,CONSENT_REVOKED,CONSENT_REVOKED,CONSENT_REVOKED,CONSENT_REVOKED,CONSENT_REVOKED,CONSENT_REVOKED,CONSENT_REVOKED,CONSENT_REVOKED
69baf6d05899f43e2a44a4ec,5ba8e80089390100019064ed,RETURNED,Not Applicable,2026-03-18T19:02:43.826000Z,,,,,,12356,CONSENT_REVOKED,CONSENT_REVOKED,CONSENT_REVOKED,CONSENT_REVOKED,CONSENT_REVOKED,CONSENT_REVOKED,CONSENT_REVOKED,CONSENT_REVOKED,CONSENT_REVOKED,CONSENT_REVOKED
69baf771465dd9034455e2a3,6653b7079f37e7ce5378b3dc,RETURNED,Not Applicable,2026-03-18T19:05:26.969000Z,,,,,,3720,CONSENT_REVOKED,CONSENT_REVOKED,CONSENT_REVOKED,CONSENT_REVOKED,CONSENT_REVOKED,CONSENT_REVOKED,CONSENT_REVOKED,CONSENT_REVOKED,CONSENT_REVOKED,CONSENT_REVOKED
69baf7eb8f8d4951167ac8be,676325864a29c405dab887a0,RETURNED,Not Applicable,2026-03-18T19:07:26.398000Z,,,,,,10574,CONSENT_REVOKED,CONSENT_REVOKED,CONSENT_REVOKED,CONSENT_REVOKED,CONSENT_REVOKED,CONSENT_REVOKED,CONSENT_REVOKED,CONSENT_REVOKED,CONSENT_REVOKED,CONSENT_REVOKED
69baf9a5723cac1f838f6e17,694ef74ac5d7b892a42cace9,RETURNED,Not Applicable,2026-03-18T19:25:00.018000Z,,,,,,333,CONSENT_REVOKED,CONSENT_REVOKED,CONSENT_REVOKED,CONSENT_REVOKED,CONSENT_REVOKED,CONSENT_REVOKED,CONSENT_REVOKED,CONSENT_REVOKED,CONSENT_REVOKED,CONSENT_REVOKED
69baf9b8b0a95ca3e0fa11da,69609476cc3d9f1fb445f7f9,RETURNED,Not Applicable,2026-03-18T19:15:17.175000Z,,,,,,88,CONSENT_REVOKED,CONSENT_REVOKED,CONSENT_REVOKED,CONSENT_REVOKED,CONSENT_REVOKED,CONSENT_REVOKED,CONSENT_REVOKED,CONSENT_REVOKED,CONSENT_REVOKED,CONSENT_REVOKED
69bafb9b5bd354593c4e39d9,69951a858846bd48df012f7b,RETURNED,Not Applicable,2026-03-18T19:23:20.314000Z,,,,,,103,CONSENT_REVOKED,CONSENT_REVOKED,CONSENT_REVOKED,CONSENT_REVOKED,CONSENT_REVOKED,CONSENT_REVOKED,CONSENT_REVOKED,CONSENT_REVOKED,CONSENT_REVOKED,CONSENT_REVOKED
